;Abi.abi;Aca.mut;Ach.mil;Agr.eup;Agr.cap;Agr.gig;Aju.gen;Amb.ser;Anc.off;Ano.lon;Ant.odo;Ape.spi;Are.ser;Arm.elo;Arr.ela;Ast.maj;Bar.con;Bra.syl;Bra.alb;Bra.cam;Bra.mil;Bra.rut;Bra.sal;Bra.vel;Bro.hor;Bro.ine;Bry.alg;Bry.atr;Bry.cre;Cal.epi;Cal.cus;Cam.per;Cam.rap;Car.hir;Car.lep;Car.mur;Car.car;Cen.jac;Cen.sto;Cep.bic;Cer.arv;Cer.hol;Cer.sem;Cer.riv;Cet.acu;Cha.bul;Cir.arv;Cla.fur;Cla.pyx;Cla.ran;Cla.sym;Cli.den;Cor.var;Cor.can;Cra.mon;Cre.bie;Cre.cap;Cre.nic;Cyn.cri;Cyt.sco;Dac.glo;Dau.car;Des.ces;Dia.del;Dic.cir;Dry.fil;Ech.vul;Ely.can;Ely.rep;Eri.ann;Ero.ver;Eup.cyp;Eur.ang;Eur.pra;Eur.str;Fes.aru;Fes.bre;Fes.ovi;Fes.rub;Fil.min;Gal.alb;Gal.ver;Ger.pra;Ger.rob;Geu.riv;Geu.urb;Gle.hed;Hed.hel;Hel.pub;Hie.pil;Hol.lan;Hyp.per;Hyp.cup;Hyp.lac;Hyp.pal;Hyp.res;Hyp.rad;Imp.par;Jas.mon;Jun.ten;Kna.arv;Koe.mac;Lat.nis;Lat.pra;Leu.vul;Lig.vul;Lol.per;Lot.cor;Luz.cam;Lys.num;Med.fal;Med.lup;Med.min;Mni.mar;Myo.str;Ono.rep;Ono.spi;Par.qui;Pel.ruf;Pet.pro;Phl.pra;Pim.sax;Pla.aff;Pla.cus;Pla.ros;Pla.lan;Poa.com;Poa.pra;Pol.jun;Pol.pil;Pop.alb;Pot.ans;Pot.arg;Pot.rec;Pot.rep;Pru.pad;Pru.ser;Pru.spi;Que.rob;Rac.het;Ran.acr;Ran.bul;Ran.nem;Rhy.squ;Rub.fru;Rub.ida;Rum.ace;Rum.ace1;San.min;San.off;Sca.col;Scl.pur;Sed.sex;Sen.jac;Ste.gra;Tan.vul;Tar.off;The.pyr;Thu.tam;Thy.pul;Tor.jap;Tor.rur;Tri.arv;Tri.cam;Tri.dub;Tri.pra;Tri.rep;Urt.dio;Val.pro;Ver.den;Ver.lyc;Ver.nig;Ver.cha;Ver.pra;Ver.ser;Ver.teu;Vic.ang;Vic.hir;Vic.par;Vic.sep;Vic.syl;Vic.tet;Vio.arv;Vio.riv;Vul.myu
H30_3_1;0;0;2.5;0;0.5;0;0;0;0;0;0;0.5;0;0.01;0.5;0;0;0;0;0;0;8.8;0;0;0;0;0;0;0;0;0;0;0;2.5;0;0;0;0;0;0;2.5;0;0;0;0;0;0;0;0;0;0;0;0;0;0;0;0;0;0;0;0;0;0;0;0;0;0;0;0;0;0;0;0;0;0;0;0;0;0;0;0;8.8;0;0;0;0;0;0;2.5;0;0;0;0;0;0;0;0;0;0;0;2.5;0;0;0;0;0;0;0;2.5;0;37.5;0;0;0;0;0;2.5;0;0;0;0;0;0;0;0.5;0;20;0;0;0;0;0;0;0;0;0;0;0;0;0;0;0.01;0;0;0;0;8.8;0;0;0;0;0;0;0;0;0;0;0;0;0;0;0;0;0;0;0;0;0;0;0;0;0;0;0.01;0;0;0.5;0.01;0;0;0;0;0;0;0
H30_3_2;0;0;0.5;0;0.5;0;0;0;0;0;0;0.5;0;2.5;2.5;0;0;0;0;0;0;2.5;0;0;0;0;0;0;0;0;0;0;0;0.5;0;0;0;0;0;0;0.5;0;0;0;0;0;0;0;0;0;0;0;0;0;0;0;0;0;0;0;0;0;0;0;0;0;0;0;0;0;0;0;0;0;0;0;0;0;0.01;0;0;20;0;0;0;0;0;0;0.5;0;0;0;0;0;0;0;0;0;0;0;0;0;0;0;0;0;0.01;0;2.5;0;2.5;0;0;0;0;0;0;0;0;0;0;0;0;0;0;2.5;20;0;0;0;0;0;0;0;0;0;0;0;0;0;0;0;0;8.8;0;0;20;0;0;0;0;0;0;0;0;0;0;0;0;0;0;0;0;0;0.5;0.5;0;0;0;0;0;0;0.5;0.5;0;0;0.5;0.5;0;0;0;0;0;0;0
H30_3_3;0;0;0.5;0;2.5;0;0;0;0;0;0;0.5;0;2.5;2.5;0;0;0;2.5;0;0;8.8;0;0;0;0;0;0;0;0;0;0;0;0.5;0;0;0;0;0;0;2.5;0;0;0;0;0;0;0;0;0;0;0;0;0;0;0;0;0;0;0;0.5;0;0;0;0;0;0;0;0;0;0;0;0;0;0;0;0;0;0;0;0;20;0;0;0;0;0;0;0.5;0;0;0;0;0;0;0;0;0;0;0;2.5;0;0;0;0;0;0;0;0.5;0;2.5;0;0;0;0;0;0;0;0;0;0;0;0;0;0;2.5;8.8;0;0;0;0;0;0;0;2.5;0;0;0;0;0;0;0;0;8.8;0;0;20;0;0;0;0;0;0;0.01;0;0;0;0;0;8.8;0;0;0;0;0.5;0;0;0;0;0;0;0;0;0;0;0;0.5;0;0;0;0;0;0;0;0
H30_3_4;0;0;0;0;0.5;0;0;0;0.01;0;0;0;0;0;0;0;0;0;0;0;0;37.5;0;0;2.5;0;0;0;0;0;0;0;0;0;0;0;0;0;0;0;8.8;0;0;0;0;0;0;0;0;0;0;0;0;8.8;0;0;0;0;0;0;0;0;0;0;0;0;0;0;0;0;0;0;0;0;0;0;0;0;0;0;0;8.8;0;0;0;0;0;0;0;0;0;0;0;0;0;0;0;0;0;0;0;20;0;0;0;0;0;0;2.5;0;8.8;0;0;0;0;0;0;0;0;0;0;0;0;0;0;0;20;0;0;0;0;0;0;0;0;0;0;0;0;0;0;0.5;0;8.8;0;0;8.8;0;0;0;0;0;0;0;0;0;0;0;0;0;0;0;0;0;0;0;0;0;0;0;0;0;0;0;0;0;0.5;0;0;0;0;0;0;0;0
H30_3_5;0;0;2.5;0;0;0;0;0;0;0;0.5;0;0;0.01;8.8;0;0;0;0;0;0;2.5;0;0;0;0;0;0;0;0;37.5;0;0;2.5;0;0;0;0;0;0;2.5;0;0;0;0;0;0;0;0;0;0;0;0;0;0;0;0;0;0;0;0;0;0;0;0;0;0;0;0.5;0;0;0;0;0;0;0;0;0;0;0;0;8.8;0;0;0;0;0;0;0.5;0;0;0;0;0;0;0;0;0;0;0;8.8;2.5;0;0;0;0;0;0;0.01;0;0;0;0;0;0;0;0;0;0;0;0;0;0;0;0.5;0;8.8;0;0;0;0;0;0;0;0;0;0;0;0;0;0;0;0;2.5;0;0;37.5;0;0;0;0;0.5;0;0.01;0;0;0;0;0;8.8;0;0;0;0;0;0;0;0;0;0;0;0;2.5;0;0;0;0.01;0.01;0;0;0;0;0;0;0
H30_4_1;0;0;0;0;8.8;0;0;0;0;0;0;0;0;0.01;0.5;0;0;0;0;0;0;0;0;0;0;0;0;0;0;0;0;0;0.5;0;0;0.5;0;0;0;0;0;2.5;0;0;0;0;0;0;0;0;0;0;0;0;0;0;0;0;0;0;0;0;0;0;0;0;0;0;0;0;0;8.8;0;0;0;0;0;0;0;0;0;37.5;0;0;0;0;0;0;0.5;0;2.5;0;0;0;0;0;0;0;0;0;0;0;0;0;0;0;0;2.5;0.5;0;0;0;0;0;0;0;0;0;0;0.5;0;0.01;0;0;0.5;2.5;2.5;0;0;0;0;0;0;0;0.5;0;0;0;0;0;0;2.5;0;2.5;0;0;2.5;0;0;0;0;0;0;0;2.5;0;0;0;0;2.5;0;0;0;0;0;0;0;0;0;0;0;0;0;0;0;0;0;0;0;8.8;0;0;0.01;0;0
H30_4_2;0;0;2.5;0;0.5;0;0;0;0;0;0.5;0;0;8.8;0;0;0;0;0;0;0;0;0;0;0;0;0;0;0;0;0;0;0.01;0.5;0;0;0;0;0;0;2.5;0;0;0;0;0;0;0;0;0;0;0;0;0;0;0;0;0;0;0;0;0;0;0;0;0;0;0;0;0;0;0;0;0;0;0;0;0;0;0;0;20;0;0;0;0;0;0;0;0;0.5;0;0;0;0;0;0;0;0;0;0;0;0;0;0;0;0;0.01;2.5;0;0;0;0;0;0;0;0;0;0;0;0;0;0;0;2.5;2.5;8.8;0;0;0;0;0;0;0;8.8;0;0;0;0;0;0;0;0;8.8;0;0;20;0;0;0;0;2.5;0;0;0.5;0;0;0;0;8.8;0;0;0;0;0;0;0;0;0;0;0;0;0;0;0;0;0.5;2.5;0;0;0;0;0;0;0
H30_4_3;0;0;2.5;0;2.5;0;0;0;0;0;0;0;0;2.5;0;0;0;0;0;0;0;0;0;0;0;0;0;0;0;0;0;0;0;0.5;0;0;0;0;0;0;2.5;0;0;0;0;0;0;0;0;0;0;0;0;0;0;0;0.01;0;0;0;0;0;0;0;0;0;0;0;0;0;0;0;0;0;0;0;0;0;0;0;0;8.8;0;0;0;0;0;0;0;0;2.5;0;0;0;0;0;0;0;0;0;0;0;0;0;0;0;0;0;2.5;0;0;0;0;0;0;8.8;0;0;0;0;0;0;0;0;2.5;8.8;8.8;0;0;0;0;0;2.5;0;8.8;0;0;0;0;0;0;0;0;37.5;0;0;0;0;0;0;0;0.5;0;0;0;0;0;0;0;20;0;0;0;0;0;0;0;0;0;0;0;0;0;0;0;0;2.5;2.5;0.01;0;0;0;0;0;0
H30_4_4;0;0;2.5;2.5;2.5;0;0;0;0;0;0.01;0;0;2.5;0;0;0;0;0;0;0;0;0;0;2.5;0;0;0;0;0;0;0;0.01;8.8;0;0.5;0;0;0;0;0.5;0;0;0;0;0;0;0;0;0;0;0;0;0;0.01;0;0;0;0.5;0;0;0;0;0.5;0;0;0;0;0;0;0;0;0;0;0;0;0;0;0;0;0;8.8;0;0;0;0;0;0;2.5;0;0;0;0;0;0;0;0;0;0;0;0;0;0;0;0;0;0;0;2.5;0;8.8;0;0;0;0;8.8;0;0;0;0;0;0;0;0;2.5;2.5;20;0;0;0;0;0;2.5;0;2.5;0;0;0;0;0;0;0;0;8.8;0;0;2.5;0;0.01;0;0;0;0;0;0;0;0;0;0;37.5;0;0;0;0;0;0;0.5;0;0;0;0;0;2.5;0;0;0;0.01;0.5;0;0;0;0;0;0;0
H30_4_5;0;0;8.8;0;8.8;0;0;0;0;0;0.01;0;0;0;0;0;0;0;0;0;0;0;0;0;0;0;0;0;0;0;0;0;0;2.5;0;0;0;0;0;0;0;0;0;0;0;0;0;0;0;0;0;0;0;0;0;0;0;0;0;0;0;0;0;0;0;0;0;0;0.01;0;0;0;0;0;0;0;0;0;0;0;0;20;0;0;0;0;0;0;2.5;0;2.5;0;0;0;0;0;0;0;0;0;0;0;0;0;0;0;0;2.5;0.5;0;0;0;0;0;0;0;0;0;0;0;0;0;0;0;0;0;20;0;0;0;0;0;0;0;2.5;0;0;0;0;0;0;0;0;0;0;0;37.5;0;0;0;0;0;0;0;0.5;0;0;0;0;0;0;0;0;0;0;0;2.5;0;0;0;0;0;8.8;0;0;0;0.01;0.5;0;0;0;0;0;0;0
H30_5_1;2.5;0;0.5;0.5;0;0;0;0;0;0;0;0;0;2.5;0.5;0;0;0;0;0;0;0;0;0;0;0;0;0;0;0;0;0;0;0.5;0;0;0;0;0;0;0.5;0.5;0;0;0;0;0;0;0;0;0;0;0;0;0;0.01;0;0;0;0;0;0;0;0;0;0;0;0;0;0;0;20;0;0;0;0;0;0;0;0;0;62.5;0;0;0;0;0;0;0;0;0;0;0;0;0;0;0;0;0;0;0;0;0;0;0;0;0;0;0.5;0;0;0;0;0;0;0;2.5;0;0;0;0;0;0;0;0;2.5;0;37.5;0;0;0;0;0;0;0.5;0;0;0;0;0;0;0;0;62.5;0;0;0.01;0;0;0;0;0;0;0;0;0;0;0;0;37.5;0;0;0;0;0;0;0;0;0;0;0;0;0.5;0;0;0;0.5;0.5;0.5;0;0;0.5;0;0;0
H30_5_2;0;0;0.5;2.5;0;0;0;0;0;0;0;0;0;0.5;0.5;0;0;0;0;0;0;0;0;0;0;0;0;0;0;0;0;0;0;2.5;0;0;0;0;0;0;0;0.5;0;0;0;0;0;0;0;0;0;0;0;0;0;0;0;0;0;0;0;0;0;0;0;0;0;0;0;0;0;0.5;0;0;0;0;0;0;0;0;0;62.5;0;0;0;0;0;0;0;0;0.5;0;0;0;0;0;0;0;0;0;0;0;0;0;0;0;0;0;2.5;0;0;0;0;0;0;0;0;0;0;0;0;0;0;0;37.5;0;0;37.5;0;0;0;0;0;0;0;0;0;0;0;0;0;0;0;20;0;0;2.5;0;0;0;0;0;0;0;0;0;0;0;0;37.5;0;0;0;0;0;0;0;0;0;0;0;0;2.5;0;0;0;0.01;0;0;0;0;0;0;0;0
H30_5_3;0;0;0;0.5;0.01;0;0;0;0;0;0;0;0;0;2.5;0;0;0;0;0;0;0;0;0;0;0;0;0;0;0;0;0;0;20;0;0;0;0;0;0;0.5;0.5;0;0;0;0;0;0;0;0;0;0;0;0;0;0;0;0;0;0;0;0;0;0;0;0;0.01;0;0;0;0;0.5;0;0;0;0;0;0;0;0;0.01;87.5;0;0;0;0;0;0;0;0;0;0;0;0;0;0;0;0;0;0;0;0;0;0;0;0;0;0;0.5;0;0;0;0;0;0;0;0;0;0;0;0;0;0;0;0;0.5;0;37.5;0;0;0;0;0;0;0.5;0;0;0;0;0;0;0;0.01;0;0;0;0;0;0;0;0;8.8;0;0;0.5;0;0;0;0;0.5;0;0;0;0;0;0;0;0;0;0;0;0;37.5;0;0;0;0;0;0.5;0;0;0.01;0;0;0
H30_5_4;0;0;0;0;0.5;0;0;0;0;0;0;0;0;0;37.5;0;0;0;0;0;0;0;0;0;0;0;0;0;0;0;0;0;0;2.5;0;0;0;0;0;0;2.5;0.5;0;0;0;0;0;0;0;0;0;0;0;0;0;0;0;0;0;0;0;0;0;0;0;0;0;0;0;0;0;0;0;0;0;0;0;0;0;0;0;62.5;0;0;0;0;0;0;0;0;0;0;0;0;0;0;0;0;0;0;0;0;0;2.5;0;0;0;0.5;2.5;0;0;0;0;0;0;0;0;0;0;0;0;0;0;0;0;0;0;2.5;0;0;0;0;0;0;0;0;0;0;0;0;0;0;0;8.8;0;0;0;0;0;0;0;8.8;0;0;2.5;0;0;0;0;0;0;0;0;0;0;0;0;0;0;0;0;0;37.5;0;0;0;0;0;0;0;0;0;0;0;0
H30_5_5;0;0;0;0;0;0;0;0;0;0;0;0;0;0;37.5;0;0;0;0;0;0;0;0;0;0;0;0;0;0;0;0;0;0;8.8;0;0;0;0;0;0;2.5;0;0;0;0;0;0;0;0;0;0;0;0;0;0;0;0;0;0;0;0;0;0;0;0;0;0;0;0;0;0;0;0;0;0;0;0;0;0;0;0;62.5;0;0;0;0;0;0;0;0;2.5;0;0;0;0;0;0;0;0;0;0;0;0;0;0;0;0;0;0.5;0;0;0;0;0;0;0;0;0;0;0;2.5;0;0;0;0;0;0;20;0;0;0;0;0;0;0;0;0;0;0;0;0;0;0;20;0;0;0;0;0;0;0;0;0;0;0.5;0;0;0;0;0;0;0;0;0;0;0;0;0;0;0;0;0;20;0;0;0;0.5;0.5;0;0;0;0;0;0;0
H30_6_1;37.5;0;0;0;2.5;0;0;0;0;0;0;0;0;2.5;0;0;0;0;0;0;0;0;0;0;0;0;0;0;0;0;0;0;0;0;0;0;0;0;0;0;0.5;0;0;0;0;0;0;0;0;0;0;0.5;0;0;0;0;0;0;0;0;0;0;0;0;0;0;8.8;0;0;0;0;0.5;0;0;0;0;0;0;0.5;0;0;8.8;0;0;0;0;0;0;0;2.5;8.8;0;0;0;0;0;2.5;0;0;0;0;0;0;0;0;0;0;0;0;0;0;0;0;0;0;0.5;0;0;0;2.5;0;0;0;0;0;0.5;0;20;0;0;0;0;0;0;8.8;0;0;0;0;0;0;0;0;0.5;0;0;8.8;0.5;0;0;0;0;0;0;0;0;0;0;0;20;0;0;2.5;0;0.01;0;0;0;0;0;0;0;0;0;0;0;0;0;0;0;0;0;0;0;0
H30_6_2;0;0;2.5;0.5;0.5;0;0;0;0;0;0;0;0;2.5;0;0;0;0;0;0;0;0;0;0;0;0;0;0;0;0;0;0;0;0;0;0;0;0;0;0;0.5;0;0;0;0;0;0;0;0;0;0;0;0;0;0;0.5;0;0;0;0;0;0;0;0.01;0;0;0;0;0;0;0;0;0;0;0;0;0;0;0;0;0;37.5;0;0;0;0;0;0;0;8.8;0.5;0;0;0;0;0;0;0;0;0;0;0;0;0;0;0;0;2.5;0.5;0;0;0;0;0;0;0;0;0;0;0;0;0;0;0;0.5;0.5;0;8.8;0;0;0;0;0;0;2.5;0;0;0;0;0;0;0;0;0.5;0;0;0;0;0;0;0;87.5;0;0;0;0;0;0;0;62.5;0;0;0;0;0;0;0;0;0;0;0;0;0;0;0;0;0.01;0.5;0.5;0;0;0;0;0;0
H30_6_3;0.5;0;0.5;0;0.5;0;0;0;0;0;0;0;0;0;0;0;0;0;0;0;0;0;0;0;0;0;0;0;0;0;0;0;0;0.5;0;0;0;0;0;0;0;0;0;0;0;0;0;0;0;0;0;0.5;0;0;0;0;0;0;0;0;0;0;0;0;0;0;0;0;0;0;0;0;0;0;0;0;0;0;0;0;0;20;0;0;0;0;0;0;0;0;0;0.5;0;0;0;0;0;0;0;0;0;0;0;0;0;0;0;0.5;0.5;0;0;0;0;0;0;0;0;0;0;0.5;0;0;0;0;0;0.5;0;2.5;0;0;0;0;0;0;0.5;0;0;0;0;0;0;0;0;37.5;0;0;0;0;0;0;0;37.5;0;0;0;0;0;0;0;87.5;0;0;0;0;0;0;0;0;0;0;0;0;0;0;0;0;0;0;0;0;0;0;0;0;0
H30_6_4;0.5;0;20;0;0.5;0;0;0;0;0;0;0;0;2.5;0;0;0;0;0;0;0;0;0;0;0;0;0;0;0;0;0;0;0.01;0;0;0;0;0;0;0;8.8;0;0;0;0;0;0;0;0;0;0;0;0;0;0;0;0;0;0;0;0;0;0;0;0;0;0;0;0;0;0;0;0;0;0;0;0;0;0;0;0;62.5;0;0;0;0;0;0;0;0.5;0;0;0;0;0;0;0;0;0;0;0;0;0;0;0;0;0;0.01;2.5;0;0;0;0;0;0;0;0;0;0;0;0;0;0;0;2.5;2.5;0;8.8;0;0;0;0;0;0;0;0;0;0;0;0;0;0;0;62.5;0;0;0;0;0;0;0;8.8;0;0;0.5;0;0;0;0;8.8;0;0;0;0;0;0;0;0;0;0;0;0;8.8;0;0;0;0.01;0.5;0;0;0;0.5;0;0;0
H30_6_5;2.5;0;0.5;0;0.5;0;0;0;0;0;0;0;0;2.5;0.5;0;0;0;0;0;0;0;0;0;0;0;0;0;0;0;0;0;0;2.5;0;0;0;0;0;0;2.5;0;0;0;0;0;0;0;0;0;0;0;0;0;0;0;0;0;0;0;0;0;0;0;0;0;0;0;0;0;0;0;0;0;0;0;0;0;0;0;0.01;20;0;0;0;0;0;0;0;0;8.8;20;0;0;0;0;0;0;0;0;0;0;0;0;0;0;0;2.5;2.5;0;0;0;0;0;0;0;0;0;0;0;0;0;0;0;0;20;0;8.8;0;0;0;0;20;0;0.5;0;0;0;0;0;0;0;0;62.5;0;0;0;2.5;0;0;0;0;0;0;0;0;0;0;0;37.5;0;0;0;0;0;0;0;0;0;0;0;0;0;0;0;0;0.01;0;0;0;0;0;0;0;0
HA00_2_1;0;0;0;0.01;0.5;0;0;0;0;0;0;0;0;8.8;0;0;0;0;0;0;0;0;0;0;2.5;0;0;0;0;0;8.8;0;0;2.5;0;0;0;0;0;0;2.5;0;0;0;0;0;0;0;0;0;0;0;0;0;0;0;0;0.01;0;0;0;0;0;0;0;0;0;0;0;0;0;0;0;0;0.5;0;0;0;0;0;0;20;0;0;0;0;0;0;0;0;0;0;0;0;0;0;0;0;0;0;0;8.8;0;0;0;0;0;0;2.5;0;2.5;0;0.5;0;0;0;0;0;0;0;0;0;0;0;0;8.8;8.8;0;0;0;0;0;8.8;0;8.8;0;0;0;0;0;0;0;0;62.5;0;0;20;0;0;0;0;0;0;0;0;0;0;0;0;0.01;0;0;0;0;0;0.5;0;0;0;0;0;0;2.5;0;0;0;0.01;0.5;0;0;0;0;0;0;0
HA00_2_2;37.5;0;0;0;0.5;0;0;0;8.8;0;0;0;0;8.8;0;0;0;0;0;0;0;0;0;0;8.8;0;0;0;0;0;0.5;0;0;0.5;0;0;0;0;0;0;8.8;0.5;0;0;0;0;0;0;0;0;0;0;0;0;0;0;0;0;0;0;0.01;0;0;0;0;0;8.8;0;0;0;0;0;0;0;0;0;0;0;0;0;0;2.5;0;0;0;0;0;0;0;0;0;0;0;0;0;0;0;0;0;0;0;20;0;0;0;0;0;0;0.5;0;2.5;0;0;0;0;0;0;0;0;0;0;0;0;0;0;8.8;20;0;0;0;0;0;2.5;0;8.8;0;0;0;0;0;0;0;0;37.5;0;0;2.5;0;0;0;0;0;0;0;0;0;0;0;0;8.8;0;0;0;0;0;0;0;0;0;0;0;0;0;0;0;0;0.5;0.01;0;0;0;0;0;0;0
HA00_2_3;0;0;0;0;0.5;0;0;0;0;0;0;0;0;2.5;0;0;0;0;0;0;0;0;0;0;2.5;0;0;0;0;0;62.5;0;0;0;0;0;0;0;0;0;8.8;0;0;0;0;0;0;0;0;0;0;0;0;0;0;0;0;0.01;0;0;0;0;0;0;0;0;0;0;0;0;0;0;0;0;0;0;0;0;0;0;0;8.8;0;0;0;0;0;0;0;2.5;0;0;0;0;0;0;0;0;0;0;0;20;0;0;0;0;0;0;2.5;0;0.5;0.5;0.5;0;0;0;0;0;0;0;0;0;0;0;0;2.5;2.5;0;0;0;0;0;8.8;0;8.8;0;0;0;0;0;0;0;0;37.5;0;0;0;0;0;0;0;0;0;0;0;0;0;0;0;8.8;0;0;0;0;0;0;0;0;0;0;0;0;0;0;0;0;0.01;0.01;0;0;0;0;0;0;0
HA00_2_4;37.5;0;0;0.5;0.5;0;0;0;0;0;0;0;0;2.5;0;0;0;0;0;0;0;0;0;0;2.5;0;0;0;0;0;0;0;0.01;0;0;0;0;0;0;0;2.5;0;0;0;0;0;0;0;0;0;0;0;0;0;0;0;0;0.5;0;0;0;0;0;0.5;0;0;0;0;0;0;0;0;0;0;0;0;0;0;0;0;0;8.8;0;0;0;0;0;0;0;0;0;0;0;0;0;0;0;0;0;0;0;8.8;0;0;0;0;0;8.8;0.5;0;0;0;2.5;0;0;0;0;0;0;8.8;0;0;0;0;0;8.8;2.5;0;0;0;0;0;2.5;0;20;0;0;0;0;0;0;0;0;20;0;0;0;0;0;0;0;0;0;0;0.5;0;0;0;0;0;0;0;0;0;0;0;0;0;0;0;0;0;0;0;0;0;0.5;0;0;0;0;0;0;0;0
HA00_2_5;37.5;0;0;0;8.8;0;0;0;0;0;0;0;0;20;0;0;0;0;0;0;0;0;0;0;2.5;0;0;0;0;0;0;0;0.5;0.5;0;0;0;0;0;0;2.5;0;0;0;0;0;0;0;0;0;0;0;37.5;0;0;0;0;0;0;0;0;0;0;0;0;0;0;0;0;0;0;0;0;0;0;0;0;0;0;0;0;20;0;0;0;0;0;0;0;0.5;0;0;0;0;0;0;0;0;0;0;0;2.5;0;0;0;0;0;0;2.5;0;0;0;0;0;0;0;0;0;0;0;0;0;0;0;0.5;8.8;37.5;0;0;0;0;0;2.5;0;2.5;0;0;0;0;0;0;0.5;0;37.5;0;0;8.8;0;0;0;0;0;0;0;0;0;0;0;0;0;0;0;0;0;0;0;0;0;0;0;0;0;2.5;0;0;0;0.5;0.01;0;0;0;0;0;0;0
HA00_3_1;20;0;0;0;2.5;0;0;0;0;0;0;0;0;0.5;0;0;0;0;0;0;0;0;0;0;0;0;0;0;0;0;0;0;0;0.5;0;0;0;0;0;0;0.5;0;0;0;0;0;0;0;0;0;0;0;0;0;0;0;0;0;0;0;2.5;0;0;0;0;0;0;0;0;0;0;0;0;0;0;0;0;0;0;0;0;0.5;0;0;0;0;0;0;0;0;0.5;0;0;0;0;0;0;0;0;0;0;0;0;0;0;0;0;0;0.5;0;37.5;0;0;0;0;0;0;0;0;0;0;0;0;0;0;0.5;37.5;0;0;0;0;0;0;0;0;0;0;0;0;0;0;0.01;2.5;8.8;0;0;8.8;0;0;0;0;0;0;0;0;0;0;0;0;0;0;0;0;0;0.5;0;0;0;0;0;0;0;2.5;0;0;0;0;0.5;0;0;0;0;0;0;0
HA00_3_2;2.5;0;0;0.01;0.5;0;0;0;0;0;0;0;0;20;0;0;0;0;0;0;0;0;0;0;0;0;0;0;0;0;0;0;0.5;2.5;0;0;0;0;0;0;0.5;0;0;0;0;0;0;0;0;0;0;8.8;0;0;0;0;0;0;0;0;0;0;0;0;0;0;0;0;0;0;0;0;0;0;0;0;0;0;0;0;0;37.5;0;0;0;0;0;0;0;0;0.5;0;0;0;0;0;0;0;0;0;0;0;0.01;0;0;0;0;20;0.5;0;0;0;0;0;0;0;8.8;0;0;0;0;0;0;0;0;8.8;8.8;0;0;0;0;0;0.5;0;0.5;0;0;0;0;0;0;0;0.5;62.5;0;0;0.5;0.5;0;0;0;0;0;0;0;0;0;0;0;0;0;0;0;0;0;0.5;0;0;0;0;0;0;0.5;0;0;0;0.5;0.5;0.01;0;0;0;0;0;0
HA00_3_3;0;0;2.5;0.01;2.5;0;0;0;0;0;0;0;0;0.5;0;0;0;0;0;0;0;0;0;0;0;0;0;0;0;0;0;0;0.5;0.5;0;0;0;0;0;0;0;0;0;0;0;0;0;0;0;0;0;0;0;0;0;0;0;0;0;0;0;0;0;0;0;0;0;0;0;0;0;0;0;0;0;0;0;0;0;0;0;20;0;0;0;0;0;0;0;0;8.8;0;0;0;0;0;0;0;0;0;0;0;0;0;0;0;0;8.8;20;0;0;0;0;0;0;0;8.8;0;0;0;0;0;0;0;0.5;0.5;2.5;0;0;0;0;0;0;0;0.5;0;0;0;0.01;0;0;0;2.5;37.5;0;0;2.5;0;0;0;0;0;0;0;0;0;0;0;0;2.5;0;0;0;0;0;0.01;0.5;0;0;0;0;0;0.01;0;0;0;0;0;0;0;0;0;0;0;0
HA00_3_4;0;0;0;2.5;2.5;0;0;0;0;0;0;0;0;0;0;0;0;0;0;0;0;0;0;0;0;0;0;0;0;0;2.5;0;0.5;0.01;0;0;0;0;0;0;0.5;0;0;0;0;0;0;0;0;0;0;0;0;0;0;8.8;0;0;0;0;2.5;0;0;0;0;0;0;0;0;0;0;0;0;0;0;0;0;0;0;0;0;8.8;0;0;0;0;0;0;0;0;2.5;0;0;0;0;0;0;0;0;0;0;0;0;0;0;0;0;2.5;0;0;0;8.8;0;0;0;0;2.5;0;0;0;0;0;0;0;0.5;0.5;8.8;0;0;0;0;0;0;0;0;0;0;0;0;0;0;0;0;62.5;0;0;2.5;0;0;0;0;0;0;0;0;0;0.01;0;0;0;0;0;0;0;0;20;0;0;0;0;0;0;2.5;0;0;0;0.01;0;0;0;0;0;0;0;0
HA00_3_5;0;0;0;0.01;2.5;0;0;0;0;0;0;0;0;2.5;0;0;0;0;0;0;0;0;0;0;0;0;0;0;0;0;2.5;0;0.5;0;0;0;0;0;0;0;0.5;0;0;0;0;0;0;0;0;0;0;0.5;0;0;8.8;0;0;0;0;0;2.5;0;0;0;0;0;0;0.5;0;0;0;0;0;0;0;0;0;0;0;0;0;2.5;0;0;0;0;0;0;0.5;0;2.5;0;0;0;0;0;0;0;0;0;0;0;0;0;0;0;0;2.5;0.5;0;37.5;0.5;0.5;0;0;0.5;0;0;0;0;0;0;0;0;0.5;2.5;20;0;0;0;0;0;0.5;0;0.5;0;0;0;0;0;0;0;0.5;37.5;0;0;0;0;0;0;0;0;0;0;0;0;0.01;0;0;0;0;0;0;0;0;0;0;0;0;0;0;0;0.5;0;0;0;0.5;0.01;0;0;0;0;0;0;0
HA45_2_1;0;0;0;0.01;0.5;2.5;0;0;0;0;0;0;0;0.5;0;0;0;0;0;0;0;0;0;0;0;0;0;0;0;0;0;0;0.5;0.5;0;0;0;0;0;0;0;0;0;0;0;0;0;0;0;0;0;0;0;0;0;0;0;0;0;0;0;0;0;2.5;0;0;0;0;0;0;0;2.5;0;0;0;0;0;0;0;0;0;8.8;0;0;0;0;0;0;2.5;8.8;0.5;0;0;0;0;0;0.01;0;0;0;0;0;0;0;0;0;0;0;8.8;0;0;0;0.5;0;0;0;0;0;0;0;0;0;2.5;0;0;8.8;20;0;0;0;0;0;0;0;2.5;0;0;0;0;0;0;0;0;8.8;0;0;20;0.01;0;0;0;20;0;0;2.5;0;0;0;0;0;0;0;0;0;0;0;0;0;0;0;0;0;8.8;0;0;0;0.5;0.5;0;0;0;0;0.01;0;0
HA45_2_2;0;0;0.5;0;2.5;0.5;0;0;0;0;0;0;0;8.8;0;0;0;0;8.8;0;0;0;0;0;0;0;0;0;0;0;0;0;0;0;0;0;0;0;0;0;2.5;0;0;0;0;0;0;0;0;0;0;0.5;0;0;0;0;0.01;0;0;0;0;0;0;0.5;8.8;0;0;0;0;0;0;0.5;0;0;0;0;0;0;0.5;0;0;2.5;0;0;0;0;0;0;0.5;20;0;0;0;20;0;0;0.5;0;0;0;0;0;0;0;0;0;0;0;8.8;0;0;0;0.5;0;0;0;0;0;8.8;0.5;0;0;0;0;0.5;2.5;8.8;0;0;0;0;0;0;0;0.5;0;0;0;0;0;0;0;0;0;0;0;0;2.5;0;0;0;0;2.5;0;0;0;0;0;0;0;0;0;0;0;0;0;0;0;0;0;0;0;0.5;0;0;0;0;0;0;0;0;0;0;0;0
HA45_2_3;0;0;0.5;0;0.5;2.5;0;0;0;0;0;0;0;0.5;0;0;0;0;0;0;0;2.5;0;0;0;0;0;0;0;0;0;0;0.01;0.5;0;0;0;0;0;0;2.5;0;0;0;0;0;0;0;0;0;0;0;0;0;0;0;0;0;0;0;0;0;0;0.01;0;0;0;0;0;0;0;20;0;0;0;0;0;0;0;0;0;8.8;0;0;0;0;0;0;0;8.8;0;20;0;0;0;0;0;0;0;0;0;0;0;0;0;0;0;0;2.5;0;0;0;0.5;0;0;0;0;0;0;0;0;0;20;0;0;8.8;20;0;0;0;0;0;0;0;2.5;0;0;0;0;0;0;0;0;0;0;0;0.5;0.01;0;0;0;8.8;0;0;0;0;0;0;0;8.8;0;0;0.01;0;0;0.5;0;0;0;0;0;0;0;0;0;0;2.5;2.5;0;0;0;0;0;0;0
HA45_2_4;0;0;0;0;0.5;2.5;0;0;0;0;0;0;0;8.8;0;0;0;0;0;0;0;2.5;0;0;0;0;0;0;0;0;0;0;0.5;2.5;0;0;0;0;0;0;2.5;0;0;0;0;0;0;0;0;0;0;0;0;0;0;0;0;0;0;0;0;0;0;2.5;0;0;0;0;0;0;0;0.5;0;0;0;0;0;0;0;0;0;20;0;0;0;0;0;0;8.8;2.5;0.5;0;0;0;0;0;0;0;0;0;0;0;0;0;0;0;0;0;2.5;0;0;0;0;0;0;0;0;0;0;0;0;0;8.8;0;0;2.5;0.5;0;0;0;0;0;0;0;8.8;0;0;0;0;0;0;0;0;0;0;0;2.5;0;0;0;0;0;0;0;0;0;0;0;0;0.5;0;0;0;0;0;0;0;0;0;0;0;0;2.5;0;0;0;0.5;0.5;0;0;0;0;0;0;0
HA45_2_5;0;0;0;2.5;0;2.5;0;0;0;0;0;0;0;0.5;0;0;0;0;0;0;0;0;0;0;0;0;0;0;0;0;0;0;0.5;2.5;0;0;0;0;0;0;0;0;0.5;0;0;0;0;0;0;0;0;0;0;0;0;0;0;0;0;0;0;0;0;0;0;0;0;0;0;0;0;2.5;0;0;0;0;0;0;0;0;0;8.8;0;0;0;0.01;0;0;8.8;2.5;0.5;0;0;0;0;0;0;0;0;0;0;0;0;0;0;0;0;0;2.5;0;0;0;0;0;0;0;0;0;0;0;0;0;2.5;0;0;8.8;8.8;0;0;0;0;0;0;0;2.5;0;0;0;0;0;0;0;0;0;0;0;0.01;0;0;0;0;8.8;0;0;0;0;0;0;0;0;0;0;0;0;0;0;0;0;0;0.01;0;0;2.5;0;0;0;0.5;0.5;0;0;0;0;0.5;0;0
HA45_3_1;0;0;0;0;2.5;0;0;0;0;0;0;0;0;0;0;0;0;0;0;0;0;0;0;0;0;0;0;0;0;0;0;0;0;0;0;0;0;0;0;0;0;0;0;0;0;0;0;0;0;0;0;0;0;0;0;0;0;0;0;0;0;0;0;0;0;0;0;37.5;0;0;0;0;0;0;0;0;0;0;0;0;0;20;0;0;0;0.01;0;0;0;0;0;0;0;0;0;0;0;0;0;0;0;0;0;0;0;0;0;0;0.5;0;0;0;0;0;0.5;0;0;0;0;0;2.5;0;0;0;37.5;0;37.5;0;0;0;0;0;0;0;0.5;0;0;0;0;0;0;0;0;37.5;0;0;0;0.5;0;0;0;0;0;0;8.8;0;0;0;0;0;0;0;0;0;0;0;0;0;0;0;0;0;2.5;0;0;0;0;0.5;0;0;0;0;0;0;0
HA45_3_2;20;0;0;0;2.5;0;0;0;0;0;0;0;0;2.5;0;0;0;0;0;0;0;0;0;0;0;0;0;0;0;0;0;0;0;0;0;0;0;0;0;0;0.5;0;0;0;0;0;0;0;0;0;0;2.5;0;0;0;2.5;0;0;0;0;0;0;0;0;0;0;0;0;0;0;0;0;0;0;0;0;0;0;0;0;0;20;0;0;0;0;0;0;0;20;0.5;2.5;0;0;8.8;0;2.5;0;0;0;0;0;0;0;0;0;0;0;20;0;0;0;0;0;0;0;0;0;0;0;0;0;0;0;0;2.5;8.8;0;37.5;0;0;0;0.5;0;0;0;0;0;0;0;0;0;0.01;0.5;0;0;0;0;0;0;0;0;0;0;0;0;0;0;0;8.8;0;0;2.5;0;0;0;0;0;0;0;0;0;0;0;0;0;0;0;0;0;0;0;0;0;0
HA45_3_3;20;0;0;0;0.5;0;0;0;0;0;0;0;0;2.5;0;0;0;0;0;0;0;0;0;0;0;0;0;0;0;0;0;0;0;0;0;0;0;0;0;0;0.5;0.5;0;0;0;0;0;0;0;0;0;0;0;0;0;0;0;0;0;0;0;0;0;0;0;0;0;0.5;0;0;0;0;0;0;0;0;0;0;0;0;0;2.5;0;0;0;0;0;0;0;8.8;0.5;20;0;0;0;0;8.8;0;0;0;0;0;0;0;0;0;0;0;20;0;0;0;0;0;0;0;0;0;0;0;0;0;0;0;0;0.5;8.8;0;0;0;0;0;0.01;0;0.5;0;0;0;0;0;0;0;0.5;37.5;0;0;0;0.5;0;0;0;0;0;0;0;0;0;0;0;37.5;0;0;0;0;0;0;0;0;0;0;0;0;0;0;0;0;0;0;0.5;0;0;0;0;0;0
HA45_3_4;87.5;0;0;0;0.5;0;0;0;0;0;0;0;0;8.8;0;0;0;0;0;0;0;0;0;0;0;0;0;0;0;0;0;0;0;0.5;0;0;0;0;0;0;0.01;0;0;0;0;0;0;0;0;0;0;0;0;0;0;0;0;0;0;0;0;0;0;0;0;0;0;0;0;0;0;0;0;0;0;0;0;0;0;0;0;8.8;0;0;0;0;0;0;0;20;0;0;0;0;0;0;0.5;0;0;0;0;0;0;0;0;0;0;8.8;0;0;0;2.5;8.8;0;0;0;0;0;0;0;0;0;0;0;0;0.5;8.8;0;0;0;2.5;0;2.5;0;0.5;0;0;0;0;0;0;0;0;0;0;0;0;0;0;0;0;0;0;0;0;0;0;0;0;0.5;0;0;0;0;0;0;0;0;0;0.01;0;0;0;0;0;0;0;0;0;0;0;0;0;0;0
HA45_3_5;62.5;0;0;0;0;0;0;0;0;0;0;0;0;2.5;0;0;0;0;0;0;0;0;0;0;0;0;0;0;0;0;0.5;0;0;0.5;0;0;0;0;0;0;0.5;0;0;0;0;0;0;0;0;0;0;0;0;0;0;0.5;0;0;0;0;0;0;0;0;0;0;0;0.5;0;0;0;0;0;0;0;0;0;0;0;0;0;20;0;0;0;0;0;0;0;0.5;8.8;0;0;0;0;0;0;0;0;0;0;0;0;0;0;0;0;8.8;0;0;0;8.8;8.8;0;0;0;0;0;0;0;0;0;0;0;0;0.5;0.5;0;0;0;0;0;0;0;20;0;0;0;0;0;0;0;0;8.8;0;0;0;0;0;0;0;0;0;0;0;0;0.5;0;0;8.8;0;0;0;0;0;0;0;0;0;0;0;0;0;0;0;0;0;0;0;0;0;0;0;0;0
HA87_1_1;0;0;0;0.5;0;0;0;0;0;0;0;0;0;0;0;0;0;0;0;0;0;0;0;0;0;0;0;0;0;0;0.5;0;0;0;0;0;0;0;0;0;0;0;0;0;0;0;0;0;0;0;0;0;0;0;0;0;0;0;0;0;20;0;0;0;0;0;0;0;0;0;0;0;0;0;0;0;0;0;0.5;0;20;0;0;0;0;0;0;0;0;0;0;0;0;0;0;0;0;0;0;0;0;0;0;0.5;0;0;0;2.5;0;0;0;0.5;0;0;0;0;0;0;0;0;0.5;0;0;0;0;0.01;37.5;0;0;0;0;0;0;0;8.8;0;0;0;0;0;0;0;0.5;20;0;0;0;0;0;0;0;0;0;0;0;0;0;0;0;0;0;0;0;0;0;0;0;0.01;0;0;0;0;0;0;0;0;0;0;0;0;0;0;0;0;0
HA87_1_2;0;0;0.01;0;0;0;0;0;0;0;0;0;0;0;0;0;0;0;0;0;0;2.5;0;0;0;0;0;0;0;0;0.5;0;0;0;0;0;0;0;0;0;0;0;0;0;0;0;0;0;0;0;0;0;0;0;0;0;0;0;0;0;8.8;0;0;0;0;0;0;0;0;0;0;0;0;0;0;0;0;0;0.5;0;20;20;0;0;0;0;0;0;0;0;0;0;0;0;0;0;0;0;0;0;0;0;0;0;0;0;0;0.5;0;0;0;0;0;0;0;0;0;0;0;0;8.8;0;0;0;0;0;20;0;0;0;0;0;0;0;0;0;0;0;0;0;0;0;0;20;0;0;0.5;0;0;0;0;0;0;0;0;0;0;0;0;0;0;0;0;0;0;8.8;0;0;0;0;0;0;20;0;0;0;0.5;0;0.01;0.01;0;0;0;0;0
HA87_1_3;0;0;0;0.01;0;0;0;0;0;0;0;0;0;0;0;0;0;0;0;0;0;2.5;0;0;0;0;0;0;0;0;0;0;0;0;0;0;0;0;0;0;0;0;0;0;0;0;0;0;0;0;0;0;0;0;0;0;0;0;0;0;8.8;0;0;0;0;0;0;0;0;0;0;0;0;0;0;0;0;0;0.5;0;0;8.8;0;0;0;0;0;0;0;0;0.5;0;0;0;0;0;0;0;0;0;0;0;0;0;0;0;0;0.5;0;0;0;0.5;0;0;0;0;0;0;0;0;2.5;0;0;0;0;0;37.5;0;0;0;0;0;0;0;2.5;0;0;0;0;0;0;0;0.5;2.5;0;0;0;0;0;0;0;0;0;0;0;0;0;0;0;0;0;0;0;0;0;2.5;0;0;0;0;0;0;0.5;0;0;0;0;0.01;0;0.01;0;0;0;0;0
HA87_1_4;0;0;0;0;0;0;0;0;0;0;0;0;0;0;0;0;0;0;0;0;0;8.8;0;0;0;0;0;0;0;0;0;0;0;0.5;0;0;0;0;0;0;0;0;0;0;0;0;0;0;0;0;0;0;0;0;0;0;0;0;0;0;8.8;0;0;0;0;0;0;0.5;0;0;0;0;0;0;0;0;0;2.5;0.5;0;0;37.5;0;0;0;0;0;0;0;0;0;0;0;0;0;0;0;0;0;0;0;0;0;0;0;0;0;2.5;0;0;0;0.5;0;0;0;0;0;0;0;0;0.5;0;0;0;0;2.5;2.5;0;0;0;0;0;0;0;0;0;0;0;0;0;0;0;0.5;0;0;0;0;0;0;0;0;0;0;0;0;0;0;0;0;0;0;0;0;0;0;2.5;0;0;0;0;0;0;0.5;0;0;0;0.5;0.5;0;0;0;0;0;0;0
HA87_1_5;0;0;0;0.5;0;0;0;0;0;0;0;0;0;0;0;0;0;0;0;0;0;8.8;0;0;0;0;0;0;0;0;0;0;0;37.5;0;0;0;0;0;0;0;0;0;0;0;0;0;0;0;0;0;0;0;0;0;0;0;0;0;0;2.5;0;0;0;0;0;0;0.5;0;0;0;0;0;0;0;0.01;0;0;0.5;0;20;0;0;0;0;0;0;0;20;0;0;0;0;0;0;0;0;0;0;0;0;0;0;0;0;0;0;0.5;0;0;0;0;0;0;0;0;0;0;0;0;0.5;0;0;0;0;0;37.5;0;0;0;0;0;0;0;0.5;0;0;0;0;0;0;0;0.01;0;0;0;0.5;0;0;0;0;0;0;0;0.5;0;0;0;0;0;0;0;0;0;0;0;0;0;0;0;0;0;2.5;0;0;0;0;0.01;0;0;0;0;0;0;0
HA87_2_1;0;0;0;2.5;8.8;0;0;0;0;0;0;0;0;0;0.5;0;0;0;0;0;0;0;0;0;0;0;0;0;0;0;0.5;0;2.5;0.5;0;0;0;0;0;0;0;0;0;0;0;0.01;0;0;0;0;0;0;0;0;0;0;0;0;2.5;0;0;0;0;0;0;0;0;0;0;0;0;0;0;0;0;0;0;0;0;0;0;8.8;0;0;0;0;0;0;0;0;2.5;8.8;0;0;0;0;0;0;0;2.5;0;0;0;0;0;0;0;0;0.5;0;0;0;0;0;0;0;0;0;0;0;0;0;0;0;0;8.8;0;0;0;0;0;0;0;0;0.5;0;0;0;0;0;0;0;0;0.5;0;0;0.5;0;0;0;0;0;0;0;2.5;0;0;0;0;2.5;0;0;0;0.01;0;0.5;0.01;0;0;0;0;0;0.5;0;0;0;0.01;0;0;2.5;0;0;0;0;0
HA87_2_2;0;0;0;0;2.5;0;0;0;0;0;0;0.01;0;0;0;0;0;0;0;0;0;0.5;0;0;0;0;0;0;0;0;0;0;0.5;2.5;0;0;0;0;0;0;0;0.5;0;0;0;0;0;0;0;0;0;0;0;0;0;0;0;0;0;0;0;0;0;0;0;0;0;0;0;0;0;0;0;0;0;0;0;0;0;0;0;8.8;0;0;0;0;0;0;0.01;0;2.5;0;0;0;0;0;0;0;0;0;0;0;0;0;0;0;0;0;0.5;0;0;0;0;0;0;0;37.5;0;0;0;0.01;0;0;0;0;0.5;20;0;0;0;0;0;0;0;0;0;0;0;0;0;0;0;0;0.5;0;0;0;0;0;0;0;0;0;0;0.5;0;0;0;0;0;0;0;0;0;0;0;0;0;0;0;0;0;0.5;0;0;0;0.01;0.5;0;0;0;0;0;0;0
HA87_2_3;0;0;0;0.5;0.5;0;0;0;0;0;0;0;0;0;0;0;0;0;0;0;0;0.5;0;0;0;0;0;0;0;0;0;0;0.01;8.8;0;0;0;0;0;0;0;0.5;0;0;0;0;0;0;0;0;0;0;0;0;0;0;0;0;0;0;0.01;0;0;0;0;0;0;0;0;0;0;0;0;0;0;0;0;0;0;0;0;2.5;0;0;0;0;0;0;0;0;8.8;0;0;0;0;0;0;0;0;0;0;0;0;0;0;0;0;8.8;2.5;0;0;0;0;0;0;0;0;0;0;0;0;0;0;0;0;2.5;8.8;0;0;0;0;0;0;0;2.5;0;0;0;0;0;0;0;0;0.5;0;0;0;0;0;0;0;0;0;0;0.5;0;0;0;0;0;0;0;0;0;0;0;0;0;0;0;0;0;0;0;0;0.01;0.5;2.5;0;0;0;0;0;0;0
HA87_2_4;0;0;0;8.8;8.8;0;0;0;0;0;0;0.5;0;0;0;0;0;0;0;0;0;2.5;0;0;2.5;0;0;0;0;0;0;0;0;0;0.5;0;0;0;0;0;0;0;0;0;0;0;0;0;0;0;0;0;0;0;0;0;0;0;0.5;0;0;0;0;0;0;0;0;0;0;0;0;0;0;0;0;0;0;0;0;0;0;62.5;0;0;0;0;0;0;0.5;0;8.8;0;0;0;0;0;0;0;0;0.5;0;0;0;0;0;0;0;0;0.5;0;0;0;0;0;0;0;0;0;0;0;0;0;0;0;0;8.8;0;0;0;0;0;0;0;0;2.5;0;0;0;0;0;0;0;0;0.5;0;0;8.8;0;0;0;0;0;0;0;8.8;0;0;0;0;0;0;0;0;0;0;0;2.5;0;0;0;0;0;2.5;0;0.5;0.5;8.8;0.5;0;0;0;0.5;0;0;0
HA87_2_5;0;0;0;2.5;0;0;0;0;0;0;0;0;0;0;0;0;0;0;0;0;0;8.8;0;0;2.5;0;0;0;0;0;0;0;2.5;0;0;0;0;0;0;0;0;0;0;0;0;0;0;0;0;0;0;0;0;0;0;0;0;0;0;0;0;0;0;8.8;0;0;0;0;0;0;0;0;0;0;0;0;0;0;0;0;2.5;20;0;0;0;0;0;0;0;0;8.8;0;0;0;0;0;0;0;0;0;0;0;0;0;0;0;0;0;0;0;0;0;0;0;0;0;0;0;0;0;0;0;0;0;0;2.5;0;0;0;0;0;0;0;0;2.5;0;0;0;0;0;0;0;0;8.8;0;0;0.5;0;0;0;0;0;0;0;2.5;0;0;0;0;0;0;0;0;0;0;0;2.5;0;0;0;0;0;0;0;0;2.5;2.5;0;0;0;0;0;0;0;0
HG45_2_1;0;0;0.5;8.8;2.5;0;0.01;0;0;0;0;0;0;0;0;0;0;0;0;0;0;0;0;0;0;0;0;0;0;8.8;8.8;0;0.01;0;0;0;0;0;0;0;0;0;0;0;0;2.5;0;0;0;0;0;0;0;0;0;0;0.01;0;0.5;0;0.5;0;0;0.5;0;0;0;0;0;0;0;2.5;0;0;0;0;0;0;8.8;0;0;8.8;0;0;0;0;0;0;0.5;2.5;0.5;0;0;0;0;0;0;0;0;0;0;0;0;0;0;0;0;0;0.5;0;0;0;0;0;0;0;0;0;0;0;0.5;0;8.8;0;0;8.8;0;0;0;0;0;0;0.5;0;2.5;0;0;0;0;0;0;0;0;62.5;0;0;0;0;0;0;0;8.8;0;0;0;0;0;0;0;8.8;0;0;0;0;0;2.5;0;0;0;0;0;0;2.5;0;0;0;0.01;0.5;0;0;0;0;0;0;0
HG45_2_2;0;0;2.5;2.5;0.5;0;0;0;0;0;0;0;0;0;0;0;2.5;0;0;0;0;0;0;0;0;0;0;0;0;2.5;8.8;0;0.01;0;0;0;0;0;0;0;0.5;8.8;0;0;0;0;0;0;0;0;0;0;0;0;0;0;0;0;0;0;0.5;0;0;0.01;0;0;0;0;0;0;0;0.5;0;0;0;0;0;0;8.8;0;0;2.5;0;0;0;0;0;0;0;37.5;0;0;0;62.5;0;0;8.8;0;0;0;0;0;0;0;0;0;0;0;0.01;0;0;0;2.5;0;0;0;0;0;2.5;0.5;0.5;0;0.5;0;0;2.5;0;0;0;0;0;0;0.01;0;8.8;0;0;0;0;0;0;0.01;0;0;0;0;0;0;0;0;0;0;0;0.5;0;0;8.8;0;0;0;0;0;0.5;0;0;37.5;0;0;0;0;0;0;2.5;0;0;2.5;0;2.5;0;0;0;0;0;0;0
HG45_2_3;0;0;2.5;8.8;2.5;0;0;0;0;0;0;0;0;0;0;0;0;0;0;0;0;0;0;0;0.01;0;0;0;0;0;20;0;0;0.5;0;0;0;0;0;0;0.5;0;0;0;0;0;0.01;0;0;0;0;0;0;0;0;0;0;0;0.5;0;8.8;0;0;0.01;0;0;0;0;0;0;0;0;0;0;0;0;0;0.5;0;0;0;20;0;0;0;0;0;0;0.5;2.5;2.5;0;0;0;0;0;0;0;0;0;0;0;0.5;0;0;0;0;0;0.01;0;0;0;0;0;0;0;0;0;0;0;0.5;0;0;0;0;8.8;0;0;0;0;0;2.5;0;0;0;0;0;0;0;0;0;0.5;0;20;0;0;0;0;0;0;0;20;0;0;0;0;0.5;0;0;2.5;0;0;0;0;0;20;2.5;0;0;0;0;0;0.5;0;0;8.8;0;2.5;0;0;0.5;0;0;0;0
HG45_2_4;0;0;0.5;2.5;0.5;20;0;0;0.01;0;0;0;0;0.01;0;0;0;0;0;0;0;0;0;0;0;0;0;0;0;0;37.5;0;0;0.01;0;0.5;0;0;0;0;0.5;0;0;0;0;0;0;0;0;0;0;0;0;0;0;0;0.01;0;0.5;0;2.5;0;0;0.5;0;0;0;0;0;0;0;0;0;0;0;0;0;0;0;0;0;37.5;0;0;0;0;0;0;2.5;0.5;0;0;0;0;0;0;0.01;0;0;0;0;0;0;0;0;0;0;0;0.5;0;0;0;0.5;0;0;0;0;0;0;0;0;0;0.5;0;0;2.5;20;0;0;0;0;0;0;0;20;0;0;0;0;0;0;0;0;8.8;0;0;0;0;0;0;0;0;0;0;0;0;2.5;0;0;2.5;0;0;0;0;0;8.8;2.5;0;0;0;0;0;0;0;0;0;0;0;0;0;0.01;0;0;0;0
HG45_2_5;0;0;0.5;8.8;2.5;8.8;0;0;0;0;0;0;0;0;0;0;0;0;0;0;0;0;0;0;0;0;0;0;0;0;0;0;0.5;2.5;0;0;0;0;0;0;0;0;0;0;0;0;0;0;0;0;0;0;0;0;0;0;0;0;0.5;0;8.8;0;0;0;0;0;0;0;0;0;0;0;0;0;0;0;0;0;0;0;0;20;0;0;0;0;0;0;2.5;0;2.5;0;0;0;0;0;0.01;0;0;0;0;0;0.5;0;0;0;0;0;0.5;0;0;0;0;0;0;0;0;0;0;0;0.5;0;0;0;0;2.5;2.5;0;0;0;0;0;0;0;8.8;0;0;8.8;0;0;0;2.5;0;0;0;0;0;0;0;0;0;0;0;0;0;0;8.8;0;0;0;0;0;0;0;0;8.8;0;0;0;0;0;0;20;0;0;0.5;0.01;0;0;0;0;0;0;0;0
HG45_3_1;0;0;0;0;0;0;0;0;0;0;0;0;0;0;0;0;0;0;0;0;0;0;0;0;0;0;0;0;0;0;0;0;0;0;0;0;0;0;0;0;0;0;0;0;0;0;0;0.5;0.5;0;0.5;0;0;0;0;0;0;0;0;0;0;0;0;0;8.8;0;0;0;0;0;0;0;0;0;0;0;0;0;37.5;0;0;0;0;0;0;0;0;0;0;0;0;0;0;20;0;0;0;0;0;0;0;0;0;0;0;0;0;0;0;0;0;0;0;0;0;0;0;0;0.5;0;0;0;0;0;0;0;0;0;0;2.5;0;0;0;0;0;0;0;0;0;8.8;0;0;0;0;0;0;0;0.5;0;0;0;0;0;0;0;0;0;0;0;0;0;0;0;0;0;0;0;0;0;0.5;0;0;0;0;0;0;0;0;0;0;0;0;0;0;0
HG45_3_2;0;0;0;0;0;0;0;0;0;0;0;0;0;2.5;0;0;0;0;0;0;0;0;0;0;0;0;0;0;0;0;0;0;0;0.5;0;0;0;0;0;0;0;0;0;0;8.8;0;0;0;0.5;2.5;0.5;0;0;0;0;0;0;0;0;0;0;0;0;0;0;0;0;0;0;0;0.5;0;0;0;0;0;0;0;8.8;0.5;0;0;0;0;0;0;0;0;0;2.5;0;0;0;20;0;0;0.5;0;8.8;0;0;0;0;0;0;0;0;0;0.5;0;0;0;0;0;0;0;0;0;0.5;0;0;0;0;0;0;0;0;0;0;0;0;0;0;0;0;0;0;0;0;37.5;0;0;0;0;0;0;0;0.5;0;0;0;0;0;0;0;0;0;0;0;2.5;0;0;0;0;0;0;0;0;0;8.8;0;0;0;0;0;0;0;0;0;0;0;0;0;0;0
HG45_3_3;0;0;0;0;0.5;0;0;0;0;0;0;0;0;0.5;0;0;0;0;0;0;0;0;0;0;0;0;0;0;0;0;0;0;0;0;0;0;0;0;0;0;0;0;0;0;2.5;0;0;0;0;8.8;0;0;0;0;0;0;0;0;0;8.8;0;0;0;0;0;0;0;0;0;0;0;0;0;0;0;0;0;0;8.8;0;0;0.5;0;0;0;0;0;0;0;8.8;0;0.01;0;8.8;0;0;0.5;0;0;0;0;0;0;0;0;0;0;0;0.5;0;0;0;0;0;0;0;0;0;0.5;0;0;0;0;0;0;0;0;0;0;0.5;0;0;0.01;0;0;0;0;0;0;87.5;0;0;0;0;0;0;0;0.5;0;0;0;0;0;0;0;0;0;0;0;0;0;0;0;0;0;0;0;0;0;0.5;0;0;0;0;0;0;0;0;0;0;0;0;0;0;0
HG45_3_4;0;0;0;0;0.5;0;0;0;0;0;0;0;0;0.5;0;0;0;0;0;0;0;0;0;0;0;0;0;0;0;0;0;0;0;0.01;0;0;0;0;0;0;0;0;0;0;2.5;0;0;0;0;0.5;0;0;0;0;0;0;0;0;0;2.5;0;0;0;0;0;0;0;0.5;0;0;0;0;0;0;0;0;0;0;2.5;0;0;0;0;0;0;0;0;0;0;37.5;0;0.5;0;87.5;0;0;0.5;0;0.5;0;0;0;0;0;0;0;0;0;0.5;0;0;0;0;0;0;0;0;0;0;0;0;0;0;0;0;0;0;0;0;0.5;0;0;0;0;0;0;0;0;0;2.5;0;0;0;0;0;0;0;0.5;0;0;0;0;0;0;0;0;0;0;0;0;0;0;0;0;0;0;0;0;0;0;0;0;0;0;0;0;0;0;0;0;0;0;0;0;0
HG45_3_5;0;0;0;0;0;0;0;0;0;0;0;0;0;0.01;0;0;0;0;2.5;0;0;0;0;0;0;0;0;0;0;0;0;0;0;0.5;0;0;0;0;0;0;0;0;0;0;8.8;0;0;0;0.5;8.8;2.5;0;0;0;0;0;0;0;0;0;0;0;0;0;0;0;0;0;0;0;0;0;0;0;0;0;0;0;8.8;0;0;0;0;0;0;0;0;0;0;8.8;0;0;0;2.5;0;0;0.5;0;0.5;0;0;0;0;0;0;0;0;0;0.5;0;0;0;0;0;0;0;0;0;0.5;0;0;0;0;0;0;0;0;0;0;20;0;0;0;0;0;0;0;0;0;2.5;0;0;0;0;0;0;0;0;0;0;0;0;0;0;0;0;0;0;0;0;0;0;0;0;0;0;0;0;0;0.01;0;0;0;0;0;0;0;0;0;0;0;0;0;0;0
HG87_1_1;0;0;0.5;0;8.8;0;0;0;0;0;0;0;0;20;0;0;0;0;0;8.8;0;0;0;0;0;0;0;0;0;0;0;0;0;0;0;0;0;0;0;0;0;2.5;0.01;0;0;0;0;0;0;0;0;0;0;0;0;0;0;0;0;0;0;0;0;20;0;0;0.01;0;0;0;0;0;0;0;0;0;0;0;0;0;0;0;0;0;0;0;0;0;0;0;0;0.5;0;0;8.8;0;2.5;0;0;0;0;0;0;0;0;0;0;0;0.5;0;0;0;0.5;0;0;0;0;0;0;0.5;0;0;0;0;0;8.8;0;0;0;0;0;0;2.5;0;0;0;0;0;0;0;0;0;0;0.5;0;0;0;2.5;0;0;0;0;0;0;0;0;0;0;0;0;0;0;0;0;0;0;0;0;0;2.5;0;0;0;0;0;0;0;0;0;0;0;0;0;0;0
HG87_1_2;0;0;0;0;2.5;0;0;0;0;2.5;0;0;0;8.8;0;0;0;0;8.8;0;0;0;0;0;0;0;0;0;0;0;0;0;0;0;0;0;0;0;0;0;0;0;2.5;0;0.01;0;0;0;0;0;0;0;0;20;0;0;0;0;0;0;0;0;0;0;0;0;0;0;0;0;0;0;0;0;0;0;0;0;0;0;0;0;0;0;0;0;0;0;0;8.8;0;2.5;0;0.5;0;0;0;0;0;0;0;0;0;0;0;0;0;0;0.5;0;0;0;0;0;0;0;0;0;0.5;0;0;0;0;0;0;0.5;0;0;0;0;0;0;0;0;0;0;0;0;0;2.5;0;0;0;0;0;0;0;20;0;0;0;0;0;0;0;0;0;0;0;2.5;0;0;0;0;0;0;0;0;0;8.8;0;0;0;0;0;0;0;0;0;0;0;0;0;0;0
HG87_1_3;0;0;0.01;0;0.5;0;0;0;0;0;0;0;0;20;0;0;0;0;0;0;0;0;0;0;2.5;0;0;0;0;0;0;0;0;0;0;0;0;0;0;0;0;2.5;2.5;0;0;0;0;0;0;0;0;0;0;0;0;0;0;0;0;0;0;0;0;0;0.5;0;0;0;0;0;0;0;0;0;0;0;0;0;0.01;0;0;0;0;0;0;0;0;0;0;20;0;0;0;8.8;0;0;2.5;0;0;0;0;0;0;0;0;0;0;0;0.5;0;0;0;2.5;0;0;0;0;0;0.5;0.5;0;0;0;0;0;2.5;0;0;0;0;0;0;2.5;0;0;0;0;0;0;8.8;0;0;0;0.01;0;0;0;2.5;0;0;0;0;0;0;0;0;0;0;0;0;0;0;0;0;0;0;0;0;0;8.8;0;0;0;0;0;0;0;0;0;0;0;0;0;0;0.5
HG87_1_4;37.5;0;0;0;0.5;0;0;0;0;0;0;0;0;8.8;0;0;0;0;0;0;0;0;0;0;2.5;0;0;0;0;0;0;0;0;0;0;0;0;0;0;0;0;8.8;0.5;0;0;0;0;0;0;0;0;0;0;0.5;0;0;0;0;0;0;0;0;0;0;0;0;0.01;0;0;0;0;0;0;0;0;0;0;0;0;0;0;0;0;0;0;0;0;0;0;0;0;2.5;0;0;0;0;0;0;0;0;0;0;0;0;0;0;0;0;0;0;0;0;2.5;0;0;0;0;0;0.5;2.5;0;0;0;0;0;8.8;0;0;0;0;0;0;2.5;0;8.8;0;0;0;0;0;0;0;0;0;0;0;0;2.5;0;0;0;0;0;0;0;0;0;0;0;2.5;0;0;0;0;0;0;0;0;0;8.8;0;0;0;0;0;0;0;0;0;0;0;0;0;0;0.5
HG87_1_5;0.5;0;0;0;2.5;0;0;0;0;0;0;0;0;2.5;0;0;0;0;0;0;0;0;0;0;2.5;0;0;0;0;0;0;0;0;0;0;0;0;0;0;0;0;2.5;0.5;0;0;0;0;0;0;0;0;0;0;0;0;0;0;0;0;0;0;0;0;0.5;0;0;0.01;0;0;0;0;0;0;0;0;0;0;0;0;0;0;2.5;0;0;0;0;0;0;0;0;0;0.5;0;0;37.5;0;8.8;0;0;0;0;0;0;0;0;0;0;0;0;0;0;0;2.5;0;0;0;0;0;2.5;0.5;0;0;0;0;0;2.5;0;0;0;0;0;0;2.5;0;0;0;0;0;0;0;0;0;0;0;0;0;0;8.8;0;0;0;0;0;0;0;0;0;0;0;0;0;0;0;0;0;0;0;0;0;20;0;0;0;0;0;0;0;0;0;0;0;0;0;0;0.5
HG87_2_1;0;0;0;0;0.5;0;0;0;0;0;0;0;0;0;0;0;0;0;0;0;0;0;0;0;0;0;0;0.5;0;0;0;0;0;2.5;0;0;0;0;0;0;0;0;0;0;0;0;0;0;0;0;0;0;0;0;0;0;0;0;0;0;0;0;0;0;0;0;0;0.01;0;0;0;0;0;0;0;0;0;0;0;0;0;20;0;0;0;0;0;0;0;8.8;0;0.5;0;0;0;0;0;0;0;0;0;0;0;0.5;0;0;0;0;2.5;0;0;0;0;0;0;0;0;0;0;0;0;0;0;0;0;8.8;8.8;0.5;0;0;0;0;0;0;2.5;0;0;0;0;0;0;0;0;37.5;0;0;8.8;2.5;0;0;0;20;0;0;0;0;0;0;0;8.8;0;0;0;0;0;0;0;0;0;0;0;0;2.5;0;0;0;2.5;0;0;0;0;0;0;0;0.01
HG87_2_2;8.8;0.5;0.5;0;0.5;0;0;0;0;0;0;0;0;8.8;0;0;0;0;0;0;0;0;0;0;0;0;0;0;0;0;0;0;0;0;0;0;0;0;0;0;8.8;0;0;0;0;0;0;0.5;0;0;0;0;0;0;0;0;0;0;0;0;0;0;0;0;0;0;0;0;0;0;0;0;0;0;0;0;0;0;0;0;0;2.5;0;0;0;0;0;0;0;2.5;0;0.5;0;20;0;0;0;0;0;0;0;0;0;0;0;0;0;0;0.5;0;0;0;0.01;0;0;0;0;0;0;0;0;0;0;0;0;8.8;0;2.5;0.5;0;0;0;2.5;0;8.8;0;0;0;0;0;0;0;0;2.5;0;0;2.5;0;0;0;0;0;0;0;0;0;0;0;0;8.8;0;0;0;0;0;0;0;0;0;0;0;0.01;0;0;0;0;0.01;0.01;0;0;0;0;0;0;0
HG87_2_3;0;0;2.5;0;2.5;0;0;0;0;0;0;0;0;2.5;0;0;0;0;0;0;0;0;0;0;0;0;0;0.5;0;0;0;0;0;0.5;0;0;0;0;0;0;2.5;0;0;0;0;0;0;0;0;0;0;0;0;0;0;0;0;0;0;0;0;0;0;0;0;0;0;0;0;0;0;8.8;0;0;0;0;0;0;0;0;0;2.5;0;0;0;0;0;0;0;2.5;0;0;0;8.8;0;0;0;0;0;0;0;0;0;0;0;0;0;0;2.5;0;0;0;0;0;0;0;0;0;0;0;0;0;0;0;0;2.5;2.5;0;0.5;0;0;0;0;0;8.8;0;0;0;0;0;0;0;0;20;0;0;0;0;0;0;0;0;0;0;0;0;0;0;0;20;0;0;0;0;0;0;0;0;0;0;0;0;0;0;0;0;2.5;0.01;0;0;0;0;0;0;0
HG87_2_4;0;0;2.5;0;2.5;0;0;0;0;0;0;0;0;20;0;0;0;0;0;0;0;0;0;0;0;0;0;0;0;0;0;0;0;0;0;0;0;0;0;0;2.5;0;0;0;0;0;0;0;0;0;0;0;0;0;0;0;0;0;0;0;0;0;0;0;0;0;0.01;0;0;0;2.5;0;0;0;0;0;0;0;0;0;0;2.5;0;0;0;0;0;0;0;2.5;0;0;0;62.5;0;0;2.5;0;0;0;0;0;0;0;0;0;0;0;8.8;0;0;0;0;0;0;0;0;0;0;0;0;0;0;0;0;2.5;0;0;2.5;0;0;0;2.5;0;2.5;0;0;0;0;0;0;0;0;2.5;0;0;0;8.8;0;0;0;0;0;0;0;0;0;0;0;0;0;0;0;0;0;0;0;0;0;0;0;0;0;0;0;0;0;0;0;0;0;0;0;0;0
HG87_2_5;0;0;0;0;2.5;0;0;0;0;0;0;0;0;2.5;0;0;0;0;0.5;0;0;0;0;0;0;0;0;0;0;0;0;0;0;0;0;0;0;0;0;0;0;0;0;0;0;0;0;0;0;0;0;0;0;8.8;0;0;0;0;0;0;0;0;0;0;0;0;0;0;0;0;0;0;0;0;0;0;0;0;0;0;0;0;0;0;0;0;0;0;0;62.5;0;0;0;37.5;0;0;8.8;0;0;0;0;0;0;0;0;0;0;0;0.5;0;0;0;0;0;0;0;0;0;0;0;0;0;0;0;0;2.5;0;0;2.5;0;0;0;0;0;0;0;0;0;0;0.5;0;0;0;2.5;0;0;0;8.8;0;0;0;0;0;0;0;0;0;0;0;0;0;0;0;0;0;0;0;0;0;0.01;0;0;0;0;0;0;0;0;0;0;0;0;0.01;0;0
HW00_1_1;0;0;0;0;2.5;0;0;0;0;0;0;0;0;0;0;0;0;0;0;0;0;0;0;0;0;0;0;0;0;0;0;0;0;0;0;0;0;0;0;0;0;0;0;0;0;0;0;0;0;0;0;0;0;0;0.01;0;0;0;0;0;2.5;0;0;0;0;0;0;0;0;0;0;0;0;0;0;0;0;0;37.5;0;0;0;0;0;0;0;0;0;0;0;0;0;0;0;0;0.5;0;0;0;0;0;0;0;0;0;0;0;0;0;0;0;0;0;0;0;0;0;0;0;0;0;0;0;0;0;0;8.8;0;0;0;0;0;0;0;0;0;0;0;0;0;0;0;0;0;0;0;0;0;0;0;0;0;0;0;0;0;0;0;0;0;0;0;0;0;0;0;0;0;0;0;0;0;0;0;0;0;0;0;0;0;0;0;0;0;0
HW00_1_2;0;0;0;0;2.5;0;0;0;0;0;0;0;0;0;0;0;0;0;0;0;0;0;0;0;0;0;0;0;0;0;0;0;0;0;0;0;0;0;0;0;0;0;0;0;0;0;0;0;0;0;0;0;0;0;0.01;0;0;0;0;0;0.5;0;0;0;0;0;0;0;0;0;0;0;0;0;0;0;0;0;2.5;0;0;0;0;0;0;0;0;0;0;0.5;0;0;37.5;0;0;2.5;0.5;0;0;0;0;0;0;0;0;0;0;0;8.8;0;0;0;0;0;0;0.5;0;0;0;0;0;0;0;0;0;0;20;0;0;0;0;0;0;0;0;0;0;0;0;0;0;0;0;0;0;0;0;0;0;0;0;0;0;0;0;0;0;0;0;0;0;0;0;0;0;0;0;0;0;0;0;0;0;0;0;0;0;0;0;0;0;0;0;0;0
HW00_1_3;0;0;0;0;8.8;0;0;0;0;0;0;0;0;0;0;0;0;0;0;0;0;0;0;0;0;0;0;0;0;0;0;0;0.01;0;0;0;0;0;0;0;0;0;0;0;0;0;0;0;0;0;0;0;0;0;0.01;0;0;0;0.5;0;0.01;0;0;0;0;0;0;0;0;0;0;0;0;0;0;0;0;0;0;0;0;0.5;0;0;0;0;0;0;0;0.01;0;0;62.5;0;0;0;0.01;0;0;0;0;0;0;0;0.01;0;0;0.5;8.8;0;0;0;0;0;0;0.01;0;0;0;0;0;0;0;0;0;0;8.8;0;0;0;0;0;0;0;0;0;0;0;0.01;0;0;0;0;2.5;0;0;0;0;0;0;0;0;0;0;0;0;0;0;0;0;0;0;0;0;0;0;0;0;0;0;0;0;0.5;0;0;0;0;0.01;0;0;0;0;0;0;0
HW00_1_4;0;0;0;2.5;0.5;0;0;0;0;0;0;0;0;0;0;0;0;0;0;0;0;0;0;0;0;0;0;0;0;0;0;0.01;0;0;0;0.5;0;0;0;0;0;0;0;0;0;0;0;0;0;0;0;0;0;0;0.5;0;0;0;0;0.01;0.5;0;0;0;0;0;0;0;0;0;0;0;0;0;0;0;0;0;8.8;0;0;0;0;0;0;0;0;0;0;0;0;0.5;8.8;0;0;0;0;0;0;0;0;0;0;0;0;0;0;0;2.5;0;0;0;0;0;0;0;0;0;0;0;0;0;0;0;0;0.5;8.8;0;0;0;0;0;0;0;0;0;0;0;0.01;0;0;0;0;0;0;0;0;0;0;0;0;0;0;0;0;0;0.01;0;0;0;0;0;0;0;0;0;0;0;0;0;0;0;0;0;0;0;0;0;0;0;0;0;0;0;0
HW00_1_5;0;0;0.5;2.5;0.5;0;0;0;0;0;0;0;0;0;0;0;0;0;0;0;0;0;0;0;0;0;0;0;0;0;0.5;0;0;0;0;0;0;0;0;0;0;0;0;0;0;0;0;0;0;0;0;0;0;0;0.01;0;0;0;0.01;0;0.5;0;0;0;0;0;0;0;0;0;0;0;0;0;0;0;0;0;0;0;0;0;0;0;0;0;0;0;0;0;0;0.5;20;0;0;0;0;0;0;0;0;0;0;0;0;0;0;0;0;0;0;0.5;0;0;0;0;0;0;0;0;0;0;0;0.5;0;0.01;8.8;0;0;0;0;0;0;0;0;0;0;0;0;0;0;0;0;0.5;0;0;0;0;0;0;0;0;0;0;0;0;0.5;0;0;0;0;0;0;0;0;2.5;2.5;0;0;0;0;0;0.5;0;0;0;0;0;0;0;0;0;0;0;0
HW87_1_1;0;0;0;0;0;0;0;0;0;0;0;0;0;0;0;0;0;0;0;0;0;0;0;0;0;0;0;0;0;0;0;0;0;0;0;0;0;0;0;0.5;0;0;0;0;0;0;0;0;0;0;0;0;0;0;0.01;0;0;0;0;0;0;0;0;0;0;0;0;0;0;0;0;0;2.5;0.5;2.5;0;0;0;0;0;0;0;0;2.5;0;0.5;8.8;0;0;0;0;0;0;0;0;0;0;20;0;0;0;0;0;0;0;0;0;0;0;0;0;0;0;0;0;0;0;0;0;0;0;0;0;0;0;0;0;0;0;0;0;0;0;0;0;0;0;0;0;0;0;0;0;0;0;0;0;0;0;0;0;0;0;0;0;0;0;0;0;0;0;0;0;0;0;0;0;0;0;0;0;0;0;0;0;0;0;0;0;0;0;0;0;0;0
HW87_1_2;0;0;0;0;0.5;0;0;0;0;0;0;0;0;0;0;0;0;0;0;0;0;0;0;0;0;0;0;0;0;0;0;0;0;0;0;0;0;0;0;0;0;0;0;0;0;0;0;0;0;0;0;0;0;0;0;0;0;0;0;0;0.5;0;0;0;0;0;0;0;0;0;0;0;37.5;0;8.8;0;0;0;0;0;0;0;0;0.5;0.5;0;0;0;0;0;0;0;0;0;0;0;0;20;0;0;0;0;0;0;0;0.5;0;0;0;8.8;0;0;0;0;0;0;0;0.5;0;0;0;0;2.5;0;0;0;0;0;0;0;0;0;0;0;0;0.5;0.01;0;0;0;0;0;0;0;0;0;0;0;0;0;0;0;0;0;0;0;0;0;0;0;0.01;0;0;0;0;0;0;0;0.01;0;0;0;0;0;0;0;0;0;0;0;0;0;0;0;0
HW87_1_3;0;0;0;0;0;0;0;0;0;0;0;0;0;0;0;0;0;0.5;0;0;0;0;0;0;0;0;0;0;0;0;0;0;0;0;0;0;0;0;0;0;0;0;0;0;0;0;0;0;0;0;0;0;0;0;0;0;0;0;0;0;0;0;0;0;0;37.5;0;0;0;0;0;0;20;0;37.5;0;0;0;0;0;0;0;0;0.5;0.5;0;0.5;0;0;0;0;0;0;0;0;0;0;8.8;0;0;0;0;0;0;0;0;0;0;0;0;0;0;0;0;0;0;0;0;0;0;0;0;0.5;0;0;0;0;0;0;0;0;0;0;0;0;0;0;0;0;0;0;0;0;0;0;0;0;0;0;0;0;0;0;0;0;0;0;0;0.5;0;0;0;0;0;0;0;0;0.5;0;0;0;0;0;0;0;0;0;0;0;0;0;0;0;0;0
HW87_1_4;0;0;0;0;0;0;0;0;0;0;0;0;0;0;0;0;0;0;0;0;0;0;0;0;0;0;0;0;0;0;0;0;0;0;0;0;0;0;0;2.5;0;0;0;0;0;0;0;0;0;0;0;0;0;0;0;0;0;0;0;0;0;0;0;0;0;0;0;0;0;0;0;0;2.5;0;37.5;0;0;0;0;0;0;0;0;8.8;0.5;0;0.5;0;0;0;0;0;0;0;0;0;0;20;0;0;0;0;0;0;0;0;0;0;0;0;0;0;0;0;0;0;0;0;0;0;0;0;0;0;0;0;0;0;0;0;0;0;0;0;0;0;0;0;0;0;0;0;0;0;0.5;0.5;0;0;0;0;0;0;0;0;0;0;0;0;8.8;0;0;0;0;0;0;0;0;0;0;0;0;0;0;0;0;0;0;0;0;0;0;0;0;8.8;0
HW87_1_5;0;0;0;0;0.5;0;0;0;0;0;0;0;0;0;0;0;0;0.5;0;0;0;0;0;0;0;0;0;0;0;0;0;0;0;0;0;0;0;0;0;0;0;0;0;0;0;0;0;0;0;0;0;0;0;0;0;0;0;0;0;0;0;0;0;0;0;0;0;0;0;0;0;0;8.8;0.5;20;0;0;0;0;0;0;0;0;0.5;0.5;0;0.01;0.01;0;0;0;0;0;0;0;0;0;8.8;0;0;0;0;0;0;0;0;0;0;0;0;0;0;0;0;0;0;0;0;0;0;0;0;0;0;0;0;0;0;0;0;0;0;0;0;0;0;0;0;0;0;0;0;0;0.01;0;0;0;0;0;0;0;0;0;0;0;0;0;0;0;0;0;0;0;0;0;0;0;0;0;0;0;0;0;0;0;0;0;0;0;0;0;0;0;0.01;0
KA11_2_1;0;0;62.5;0;0;0;0;0;0;0;20;0;2.5;0;0;0.5;0;0;0;0;0;87.5;0;0;0;0;0;0;0;0;0;0;0;0;8.8;0;0;0;0;0;0;2.5;0;0;0;0;0;0;0;0;0;0;0;0;0;0;0;0;0;0;0;0;0;0;0;0;0;0;0;0;0;0;0;0;0;0;0;0;0;0;2.5;0;0;0;0;0;0;0;0;0;0.5;0;0;0;0;0;0.5;0;0;0;0;0;0;0;8.8;0;0;2.5;0;0;0;0;0;0;0.01;0;0;0;0;0;0;0;0;0;0;8.8;0;0.5;0;0;0;0;0;0;0;0;0;0;0;0;0;0;0;2.5;0;0;0.01;0;0;0.5;0;0;0;0;0;0;0;0;0;0;0;0;0;0;0.5;0;0.5;0;0;0;0;0;0;0;0;0;0;0.5;0;0;0;0;0.01;0;0
KA11_2_2;0;0;37.5;0;0;0;0;0;0;0;8.8;0;0.5;0;0;0.5;0;0;0;0;0;37.5;0;0;0;0;0;0;0;0;0;0;0;0;8.8;0;0;0.5;0;0;0;0.5;0;0;0;0;0;0;0;0;0;0;0;0;0;0;0;0;0;0;0;0;0.5;0;37.5;0;0;0;0;0;0;0;0;0;0;0;0;0;8.8;0;0.5;0;0;0;0;0;0;0;0;0;0.5;0;0;0;0;0;2.5;0;0;0;0;0;0;0;8.8;0;0;2.5;0;0;0;0;0;0;0;0;0;0;0;0;0;0;0;0;0;2.5;0;0.5;0;0;0;0;0;0;0;0;0;0;0;0;0;0;0;0;0;0;0.5;0;0;0.5;0;0;0;0;0;0;0;0;0;0;0;0;0;0;0.5;0;0;0;0;0;0;0;0;0;0;0;0;0.5;0;0;0;0;0;0;0
KA11_2_3;0;0;37.5;0;0;0;0;0;0;0;8.8;0;0;8.8;0;0.5;0;0;0;0;0;87.5;0;0;0;0;0;0;0;0;0;0;0;0;2.5;0;0.5;0;0;0;0;0.5;0;0;0;0;0;0;0;0;0;0;0;0;0;0;0;0;0.01;0;0;0;0;0;0;0;0;0;0;0;0;0;0;0;0;0;0;0;2.5;0;0;0;0;0;0;0;0;0;0;0;0.5;0;0;0;0;0;2.5;0;0;0;0;0;0;0;8.8;0;0;8.8;0;0;0;0;0;0;0;0;0;0;0;0;0;0;0;0;0;2.5;0;0;0;0;0;0;0;0;0;0;0;0;0;0;0;0;0;0;0;0;0;0;0;0;0;0;0;0;0;0;0;0;0;0;0;0;0;0;0;0;0;0;0;0;0;0;0;0;0;0;0;0.01;0;0;0;0;0;0;0
KA11_2_4;0;0;2.5;0;0;0.5;0;0;0;0;8.8;0;0;20;0;0.5;0;0;0;0;0;62.5;0;0.5;0;0;0;0;0;0;0;0;0;0;0;0;0.5;0.01;0;0;0;0;0;0;0;0;0;0;0;0;0;0;0;0;0;0;0;0;0;0;0;0;0;0;0;0;0;0;0;0;0;0;0;0;0;0;0;0;8.8;0;0;0;0;0;0;0;0;0;0;0;0.5;0;0;0;0;0;8.8;0;0;0;0;0;0;0;0;0;0;2.5;0;0;0;0;0;0;0;0;0;0;2.5;0;0;0;0;0;0;2.5;0;0.5;8.8;0;0;0;0;0;0;0;0;0;0;0;0;0;0;0;0;0;0;0.5;0;0.5;0;0;0;0;0;0;0;0;0;0;0;0;0;0;0.5;0;2.5;0;0;0;0;0;0;0;0;0;0;0.5;2.5;0;0;0;0;0;0
KA11_2_5;0;0;2.5;0;0.5;2.5;0;0;0;0;0;0;0;0;0;0.5;0;0;0;0;0;2.5;0;0;0;0;0;0;8.8;0;0;0;0;0;0;0;0.5;0;0;0;0;0;0;0;0;0;0;0;0;0;0;0;0;0;0;0;0;0;0;0;0;0;0;0;0;0;0;0;0;0;0;0;0;0;0;0;0;0;62.5;0;8.8;0;2.5;0;0;0.01;0;0;0.01;0;0.5;0;0;0;0;0;0.5;0;0;0;0;0;0;0;2.5;0;0;0;0;0;0;0;0;0;0;0;0;0;0;0;0;0;0;0;0;2.5;0;0.5;0;0;0;0;0;0;0;0;0;0;0;0;0;0;0;0;0;0;0;0;0;0.5;0;0;0;0;0;0;0;0;0;0;0;0;0;0;0.5;0;2.5;0;0;0;0;0;0;0;0;0;0;0;0;0;0;0;0;0;0
KA11_X_1;0;0;0.5;0;37.5;0;0;0;0;0;0;0;0;20;0;0;0;0;0.5;0;0;0;0;0;0;0;0;0;0;0;0;0;0;0;0;0;0;0;0;0;0;0;0;0;0;0;0;0;0;0;0;0;0;0;0;0;0;0;0;0;0;0;0;0;37.5;0;0;0;0;0;0;0;0;0;0;0;0;0;8.8;0;0;0;0;0;0;0;0;0;0.5;2.5;0;0;0;0.5;0;0;0;0;37.5;0;0;0;0;0;0;0;0;0;0.5;0;0;0;0;0;0;0;0;0;0;0;0;0;0;0;0;2.5;0.5;0;0;0;0;0;0;0.5;0;0;0;0;0;0;0.01;0;0;8.8;0;0;2.5;0;0;0;0;0;0;0;0;0;0;0;0;0;0;0.5;0;0;0;0;0;0;0;0;0;0;0;0;0;0;0;0;0;0;0;0;0;0;0
KA11_X_2;0;0;0;0;37.5;0;0;0;0;0;0;0;0;20;0;0;0;0;2.5;0;0;0;0;0;0;0;0;0;0;0;0.5;0;0;0;0;0;0;0;0;0;0;0;0.5;0;0;0;0;0;0;0;0;0;0;0;0;0;0;0;0;0;0;0;0;0;62.5;0;0;0;0;0;0;0;0;0;0;0;0;0;8.8;0;0;0;0;0;0;0;0;0;0;0.5;0;8.8;0;0;0;0;0;0;20;0;0;0;0;0;0;0;0;0;0;0;0;0;0;0;0;0;0;0;0;0;0;0;0;0;0;0;0.5;0.5;0;0;0;0;0;0;0;0;0;0;0;0;0;0;0;2.5;0;0;0.5;0.5;0;0;0;0;0;0;0;0;0.01;0;0;0;0;2.5;0;0;0;0;0;0;0;0;0;0;0;0;0;0;0;0;0;0;0;0;0;0;0
KA11_X_3;0;0;0;0;20;0;0;0;0;0;0;0;0;8.8;0;0;0;0;8.8;0;0;0;0;0;0;0;0;0;0;0;0;0;0;0;0;0;0;0;0;0;0;0;0;0;0;0;0;0;0;0;0;0;0;0;0;0;0;0;0;0;0.5;0;0;0;62.5;0;0;0;0;0;0;0;0;0;0;0;0;0;37.5;0;0;0;0;0;0;0;0;0;0;8.8;0;20;0;0;0;0;0;0;0;0;0;0;0;0;0;0;0;0;0;0;0;0;0;0;0;0;0;0;0;0;0;0;0;0;0;0.5;0.5;0.5;0;0;0;0;2.5;0;0.01;0;0;0;0;0;0;0;0;0;0;0;8.8;0.5;0;0;0;0;0;0;0;0;0;0;0;0;0;0;0.5;0;0;0;0;0;0;0;8.8;0;0;0;0;0;0;0;0;0;0;0;0;0;0
KA11_X_4;0;0;0.5;0;2.5;0;0;0;0;0;0;0;0;20;0;0;0;0;37.5;0;0;0;0;0;0;0;0;0;0;0;0;0;0;0;0;0;0;0;0;0;0;0.5;0;0;0;0;0;0;0;0;0;0;0;0;0;0;0;0;0;0;0;0;0;0.5;8.8;0;0;0;0;0;0;0;0;0;0;0;0;0;62.5;0;0;0;0;0;0;0;0;0;0;2.5;0;0;0;0;0;0;0;0;0;0;0;0;0;0;0;0;0;0;0;0;0;0;0;0;0;0;0;0;0;0;0;0;0;0;0;2.5;0.5;0;0;0;0;0;0.5;0;0;0;0;0;0;0;0;0;0;0;0;0;0.5;0;0;0;0;0;0;0;0.5;0;0;0;0;0;0;0;0;0;0;0;0;0;0;0;0;0;0;0;0;0;0;0;0;0;0;0;0;0;0
KA11_X_5;0;0;0.5;0;2.5;0;0;0;0;0;0;0;0;20;0;0;0;0;20;0;0;0;0;0;0;0;0;0;0;0;0;0;0;0;0;0;0;0;0;0;0;0;2.5;0;0;0;0;0;0;0;0;0;0;0;0;0;0;0;0;0;0;0;0;0;8.8;0;0;0;0;0;0;0;0;0;0;0;0;0;8.8;0;0;0;0;0;0;0;0;0;0;2.5;0;0;0;0;0;0;0;0;0.01;0;0;0;0;0;0;0;0;0;0;0;0;0;0;0;0;0;0;0;0;0;0;0;0;0;0;8.8;0.5;0;0;0;0;0;0.5;0.5;0;0;0;0;0;0;0;0;0;2.5;0;0;0.5;0.5;0;0;0;0;0;0;0;0;0;0;0;0;0;0;2.5;0;0;0;0;0;0;0;0;0;0;0;0;0;0;0;0;0;0;0;0;0;0
KA87_X_1;20;0;0;0;0.5;0;0;0;0;0;0;8.8;0;2.5;0;0;0;0;0.5;0;0;0;0;0;0;0;0;0;0;0;0;0;0;0.5;0;0;0;0;0;0;0;0;0;0;0;0;0;0;0;0;0;0;0;0;0;0;0;0;0;0;0;0;0;0;0.5;0;0;0;0;0;0;0;0;0;0;0;0;0;37.5;0;0;0;0;0;0;0;0;0;0;0;0;0;0;0;0;0;0;0;0;0;0;0;0;0;0;0;0;0;0;0;0;0;0;0;0;0;0;0;0;0;0;0;20;0;0;0.5;2.5;0;0;0;0;0;0;0;0;0;0;0;0;0;0;0;0;0;0;0;0.5;0;0;0;0;37.5;0;0;0;0;0;0;0;0;0;0;0;0;0;0;0;0;0;0;0;0;0;0;0;0;0;0;0;0;0;0;0;0;0
KA87_X_2;0;0;0;0;20;0;0;2.5;0;0;0;8.8;0;0.5;0;0;0;0;0;0;0;0;0;0;0;0;0;0;0;0;0;0;0;0;0;0;0;0;0;0;0;0;0;0;0;0;0;0;0;0;0;0;0;0;0;0;0;0;0;0;0;0;0;0;0;0;0;0;0;0;0;0;0;0;0;0;0;0;37.5;0;0;0;0;0;0;0;0;0;0;0.01;0;0;0;0;0;0;0;0;0;0;0;0;0;0;0;0;0;0;0;0;0;0;0;0;0;0;0;0;0;0;0;0;0;0;0;0.5;2.5;0;0;0;0;0;0;0;0;0;0;0;0;0;0;0;0;0;0;0;0.5;0.5;0;0;0;62.5;0;0;0;0;0;0;0;0;0;0;0;0;0;0;0;0;0;0;0;0;0;0;0;0;0;0;0;0;0;0;0;0;0
KA87_X_3;0;0;0;0;8.8;0;0;0;0;0;0;2.5;0;8.8;0;0;0;0;8.8;0;0;0;0;0;0;0;0;0;0;0;0;0;0;0;0;0;0;0;0;0;2.5;0;0;0;0;0;0;2.5;0;0;0;0;0;0;0;0;0;0;0;0;0;0;0;0;0;0;0;0;0;0;0;0;0;0;0;0;0;0;37.5;0;0;0;0;0;0;0;0;0;0;8.8;0;0;0;0;0;0;0;0;0;0;0;0;0;0;0;0;0;0;0.5;0;0;0;0;0;0;0;0;0;0;0;0;0;37.5;0;0;2.5;0;0.5;0;0;0;0;0;0;0;0;0;0;0;0;0;0;0;0;0;0;0;2.5;0;0;0;37.5;0;0;0;0;0;0;0;0;0;0;0;0;0;0;0;0;0;0;0;0;0;0;0;0;0;0;0;0;0;0;0;0;0
KA87_X_4;0;0;0.5;0;0.5;0;0;0;0;0;0;0.5;0;0.5;0;0;0;0;0;0;0;0;0;0;0;0;0;0;0;0;0.5;0;0;0;0;0;0;0;0;0;2.5;0;0;0;0;0;0;2.5;0;0;0;0;0;0;0;0;0;0;0;0;0;0;0;0.5;0;0;0;0;0;0;0;0;0;0;0;0.5;0;0;62.5;0;0;0;0;0;0;0;0;0;0;8.8;0;0;0;0;0;0;0;0;0;0;0;0;0;0;0;0;0;0;2.5;0;0;0;0;0;0;0;0;0;0;0;0;0;62.5;0;0.5;8.8;0.5;0;0;0;0;0;0;0;0;0;0;0;0;0;0;0;0;0.5;0;0;0;0.5;0;0;0;20;0;0;0;2.5;0;0;0;0;0;2.5;0;0;0.01;0;0;0;0;0;0;0;0;0;0;0;0;0;0;0;0;0;0;0;0
KA87_X_5;0;0;0;0;0.5;0;0;0;0;0;0;2.5;0;8.8;0;0;0;0;0;0;0;0;0;0;0;0;0;0;0;0;0;0;0;0;0;0;0;0;0;0;37.5;0;0;0;0;0;0;0;0;0;0;0;0;0;0;0;0;0;0;0;0;0;0;0.5;0;0;0;0;0;0;0;0;0;0;0;2.5;0;0;8.8;0;0;0;0;0;0;0;0;0;0;0.5;0;0;0;0;0;0;0;0;0;0;0;0;0;0;0;0;0;0;0.5;0;0;0;0;0;0;0;0;0;0;0;0;0;20;0;0;8.8;20;0;0;0;0;0;0;0;0;0;0;0;0;0;0;0;0;0;0;0;0.01;0.5;0;0;0;62.5;0;0;0;0;0;0;0;0;0;0;0;0;0;0;0;0;0;0;0;0;0;0;0;0;0;0;0;0;0;0;0;0;0
KG11_2_1;0;0;0;0;2.5;0;0;0;0;0;0;0;0;2.5;0;0;0;0;0.5;0;0;0;0;0;0;0;0;0;0;0;0;0;0;0;0;0;0;0;8.8;0;0;0;0;0;0;0;0;0;0;0;0;0;0;0;0;0;0;0;0;20;0;0;0;0;20;0;0;0;0;0;0;0;0;0;0;0;8.8;0;2.5;0;0;0;0;0;0;0;0;0;0;62.5;0;0;0;2.5;0;0;0.5;0;2.5;0;0;0;0;0;0;0;0;0;2.5;0;0;0;0;0;0;0;0;0;0;0;0;0;0;0;0;0.5;0;0;0;0;0;0;0;0;0;0;0;0;0;0;0;0;0;0;0;0;0;2.5;0;0;0;0;0;0;0;0;0;0;0;0;0;0;0;0;0;0;0;0;0;0;0;0;0;0;0;0;0;0;0;0;0;0;0;0;0
KG11_2_2;0;0;0;0;20;0;0;0;0;0;0;0.5;0;0.5;0;0;0;0;8.8;0;0;0;0;0;0;0;0;0;0;0;0;0;0;0;0;0;0;0;2.5;0;0;0;0;0;0;0;0;0;0;0;0;0;0;0;0;0;0;0;0;2.5;0;0;0;0;37.5;0;0;0;0;0;0;0;0;0;0;0;0;0;8.8;0;0;0;0;0;0;0;0;0;0;20;0;0;0;0;0;0;0;0;0.01;0;0;0;0;0;0;0;0;0;0.01;0;0;0;0;0;0;0;0;0;0.5;0;0;0;0;0;0;0.5;0;0.5;0;0;0;0;0;0;0;0;0;0;0;0;0;0;0;0;0;0;0;8.8;0;0;0;0;0;0;0;0;0;0.5;0;0;0;0.5;0;0;0;0;0;0;0;0;0;0;0;0;0;0;0;0;0;0;0;0;0;0;0
KG11_2_3;0;0;8.8;0;2.5;0;0;0;0;0;0;0;0;2.5;0.5;0;0;0;0;0;0;0;0;0;0;0;0;0;0;0;0;0;0.01;0;0;0;0;0;0.5;0;0;0;0;0;0;0;0;0;0;0;0;0;0;0;0;0;0;0;0;0.5;0;0;0;0;0;0;0;0;0;0;0;0;0;0;0;0;0;0;2.5;0;0;8.8;0;0;0;0;0;0;0.5;8.8;0;0;0;0;8.8;0;0;0;0;0;0;0;0;0;0;0;0;0;2.5;0;0;0;0;8.8;0;0;0;0;0.5;0;0;0;0.5;0;0;2.5;0;0;0;0;0;0;8.8;0;0;0;0;0;0;0;0;0;0;0;0;0;0;2.5;0;0;0;0;0;0;0;0;0;0;0;0;0;0;0.5;0;0.5;0;0;0;0;0;0;0;0;0;0;0;0;0;0;0;0;0;0;0;0
KG11_2_4;0;0;0;0;8.8;0;0;0;0;0;0;0;0;8.8;0.5;0;0;0;8.8;0;0;0;0;0;0;0;0;0;0;0;0;0;0;0;0;0;0;0;0;0;0;0;0.01;0;0;0;0;0;0;0;0;0;0;0;0;0;0;0;0;0;0;0;0;0;0;0;0;0;0;0;0;0;0;0;0;0;0;0;20;0;0;0;0;0;0;0;0;0;0;0;0;0;0;0;0;0;0;0;0;0;0;0;0;0;0;0;0;0;0;0;0;0;0;0;0;0;0;0;0;0;0;0;0;0;0;2.5;0;0.5;0;0;0;0;2.5;0;0;0;0;0;0;0;0;0;0;0;0;0;0;0.5;0;0;0;0;0;0;0;0.5;0;0;0;0;0;0;0;0;0;0;0;0;0;0;0;0;0;0;0;0;0;0;0;0;0;0;0;0;0
KG11_2_5;0;0;0.5;0;20;0;0;0;0;0;0;0;0;8.8;0;0;0;0;0;0;0;0;0;0;0;0;0;0;0;0;0;0;0;0;0;0;0;0;2.5;0;0;0;0;0;0;0;0;0;0;0;0;0;0;0;0;0;0;0;0;0;0;0;0;0;0;0;0;0;0;0;0;0;0;0;0;0;0;0.5;8.8;0;0;0;0;0;0;0;0;0;0;0;0;0;0;0;37.5;0;0.5;0;0;0;0;0;0;0;0;0;0;0;0.5;0;0;0;0;0;0;0;0;0;0;0;0;0;0;0;0;8.8;0;2.5;0;0;0;0;2.5;0;0;0;0;0;0;0;0;0;0;0;0;0;0;0.5;0;0;0;0;0;0;20;0;0;0;0;0;0;0;0;0;0;0;0;0;0;0;0;0;0;0;0;0;0;0;0;0;0;0;0;0;0
KG87_1_1;0;0;0;2.5;8.8;0;0;0;0;0;0;0;0;0.5;0;0;0;0;0;0;0;0;0;0;0;20;0;0;0;0;0;0;0;0;0;0.01;0;0;0;0;0;0.01;0;0;0;0;0;0;0;0;0;0;0;0;0;0;0;0;0.5;0;0.5;0;0;0;0;0;0;0;0;0;0;0;0;0;0;0;0;0;2.5;0;2.5;8.8;0;0;0;0;0;0;0.5;0;0;0;0;0;0;0;0;0;0;0;0;0;0;0;0;0;0;0;2.5;0;0;0;0;0;0;0;0;0;0;0;2.5;0;0;0;2.5;0;2.5;0;0;0;0;0;0.5;0;8.8;0;0;0;0;0;0;0;0;2.5;0;0;0;0;0;0;0;0;0;0;0.5;37.5;0;0;0;0;0;0;0;0;0.5;0;0;0;0;0;0;0;0.5;0;0;0;0.01;0;0;0;0;0;0;0;0
KG87_1_2;0;0;0;0;0;0;0;0;0;0;0;0;0;0;0;0;0;0;0;0;0;0;0;0;0;20;0.5;0;0;0;8.8;0;0.01;0;0;0.01;0;2.5;0;0;0;0.01;0;0;0;2.5;0;0;0;0;0;0;0;0;0;0;0;0;0.5;0;0;0.01;0;0;0;0;0;0;0;20;0;0;0;0;0;0;0;0;2.5;0;0.5;0.5;0;0;0;0;0;0;0.5;0;0;0;0;0;0;0;0;0;0;0;0;0;0;0;0;0;0;2.5;0.5;0;0;0;0.5;0;0;0;0;0;0;0;0;0;0.5;0;0;2.5;0;2.5;0;0;0;0;0;0;8.8;0;0;0;0;0;0;0;0;0;0;0;0;0;0;0;0.5;20;0;2.5;0;0;0;0;0;0;0;0;0;0;0.5;2.5;0;0;0;0;0;0;0.5;0;0;0;0.5;0.5;0;0;0;0;0;0;0
KG87_1_3;37.5;0;0.5;2.5;0.5;0;0;0;0;0;0;0;0;0;0;0;0;0;0;0;0;0;0;0;0;0;0;0;0;0;0;0;0;0;0;2.5;0;0;0;0;0;0.5;0;0;0;0;0;0;0;0;0;2.5;0;0;0;0;0;0;0.5;0;0.5;0;0;0;0;0;0;0;0;0.5;0;0;0;0;0;0;0;0.5;0;0;0.5;62.5;0;0;0;0;0;0;0.5;0;8.8;0;0;0;0;0;0;0;0;0;0;0;0;0;0;0;0;37.5;0.5;0;0;0;0;0;0;0;0;0;0;0;0.5;0;0;0;0;0.5;2.5;8.8;0;0;0;0;0;0;2.5;0;0;0;0;0;0;0;0;2.5;0;0;0;0;0;0;0;2.5;0;0;0;0;0;0;0;0;0;0;0;0;0;0.5;0;0;0;0;0;0;2.5;0;0;0;0;0;0;0;0;0;0;0;0
KG87_1_4;0;0;0.5;0;0;0;0;0;0;0;0;0;0;0;0.5;0;0;0;0;0;62.5;0;0;0;0;0;0;0;0;0;0;0;0;0;0;0.5;0;0;0;0;0;0.5;0;0.01;0;0;0.5;0;0;0;0;0;0;0;0;0;0;0;0;0;0.5;0;0;0;0;0;0;0;0;0.01;0;0;0;0;0;0;0;0;0;0;37.5;2.5;0;0;0;0;0;0;0.5;0;8.8;0;0;0;0;0;0;0;0;0;0;0;0;0;0;0;0;20;0;0;0;0;0;0;0;0;0;0;0;0;2.5;0;0;0;0;0.5;8.8;2.5;0;0;0;0;0;0;20;0;0;0;0;0;0;0;0;0;0;0;0;0;0;0;0;0;0;0;0;0;0;0;0;0;0;0;0;0;0;0.5;0.5;0;0;0;0;0;0.5;0;0;0;0;0;0;0;0;0;0;0;0
KG87_1_5;0;0;0;0;0;0;0;0;0.01;0;0;0;0;0;0.5;0;0;0;0;0;0;2.5;0;0;0;0;0;0;0;0;20;0;0;0.5;0;0.5;0;8.8;0;0;0;0.5;0;0;0;0;0;0;0;0;0;0;0;0;0;0;0;0;0;0;0.5;2.5;0;0;0;0;0;0;0;2.5;0;0;0;0;0;0;0;0.5;0;0;8.8;8.8;0;0;0;0;0;0;0.5;0;2.5;0;0;0;0;0;0;0;0;0;0;0;0;0;0.5;0;0;20;0;0;0;0.5;0;0;0;0;0;0;0;0;2.5;0;0;0;0;2.5;2.5;2.5;0;0;0;0;0;0;0;0;0;0;0;0;0;0;0;0;0;0;0;0;0;0;0;37.5;0;0;0;0;0;0;0;0;0;0;0;0;0;2.5;0;0;0;0;0;0;2.5;0;0;0;0;0;0;0;0;0;0;0;0
